	best_action	h	init_light	prob_change	t	v	x
0	0.0	1.879929658123886	1	0.06479383778885364	2.93	7.0	40.0
1	0.0	1.6595390740338762	1	0.056509945750452074	2.88	8.0	40.0
2	0.0	1.4876405012769625	1	0.05006765899864682	2.83	9.0	40.0
3	0.0	1.3400085452859463	1	0.04502476361999099	2.79	10.0	40.0
4	0.0	1.2246855550358868	1	0.04089887640449438	2.75	11.0	40.0
5	0.0	1.1290337600357532	1	0.037236428891879766	2.71	12.0	40.0
6	-1.25	1.0439739999999988	1	0.035842293906810034	2.68	13.0	40.0
7	-1.35	0.9685059999999989	1	0.033109619686800894	2.6500000000000004	14.0	40.0
8	-1.45	0.8930379999999989	1	0.030831099195710455	2.62	15.0	40.0
9	-1.55	0.830147999999999	1	0.029004908522980814	2.59	16.0	40.0
10	-1.65	0.7798359999999992	1	0.02719572001783326	2.5700000000000003	17.0	40.0
11	0.0	1.4876405012769625	1	0.04991007194244605	2.7600000000000002	9.0	40.0
12	0.0	1.3400085452859463	1	0.04488330341113106	2.72	10.0	40.0
13	0.0	1.2246855550358866	1	0.04077060931899642	2.68	11.0	40.0
14	0.0	1.1290337600357532	1	0.03713646532438478	2.6500000000000004	12.0	40.0
15	-1.25	1.0439739999999988	1	0.03574620196604111	2.62	13.0	40.0
16	-1.35	0.9685059999999989	1	0.03302097278000892	2.59	14.0	40.0
17	-1.45	0.8930379999999989	1	0.030748663101604273	2.56	15.0	40.0
18	-1.55	0.830147999999999	1	0.02894033837934105	2.54	16.0	40.0
19	-1.65	0.7798359999999992	1	0.027135231316725978	2.52	17.0	40.0
20	-1.75	0.7358129999999993	1	0.025333333333333333	2.5	18.0	40.0
21	0.0	1.3400085452859463	1	0.044762757385854966	2.66	10.0	40.0
22	0.0	1.2246855550358868	1	0.04067948144836835	2.63	11.0	40.0
23	0.0	1.1290337600357532	1	0.03705357142857143	2.6	12.0	40.0
24	-1.25	1.0439739999999988	1	0.03566651805617477	2.5700000000000003	13.0	40.0
25	-1.35	0.9685059999999989	1	0.03294746215494212	2.54	14.0	40.0
26	-1.45	0.8930379999999989	1	0.03069395017793594	2.52	15.0	40.0
27	-1.55	0.830147999999999	1	0.02888888888888889	2.5	16.0	40.0
28	-1.65	0.7798359999999992	1	0.02708703374777975	2.48	17.0	40.0
29	-1.75	0.7358129999999993	1	0.025277161862527712	2.45	18.0	40.0
30	0.0	1.1290337600357532	1	0.03697104677060133	2.55	12.0	40.0
31	-1.25	1.0439739999999988	1	0.03558718861209965	2.52	13.0	40.0
32	-1.35	0.9685059999999989	1	0.03288888888888889	2.5	14.0	40.0
33	-1.45	0.8930379999999989	1	0.03063943161634103	2.48	15.0	40.0
34	-1.55	0.830147999999999	1	0.02883762200532387	2.46	16.0	40.0
35	-1.65	0.7798359999999993	1	0.027027027027027025	2.43	17.0	40.0
36	-1.75	0.7358129999999993	1	0.025243578387953942	2.42	18.0	40.0
37	-1.8499999999999999	0.6980789999999993	1	0.023893805309734513	2.4	19.0	40.0
38	-1.25	1.0439739999999988	1	0.03552397868561279	2.48	13.0	40.0
39	-1.35	0.9685059999999989	1	0.032830523513753325	2.46	14.0	40.0
40	-1.45	0.8930379999999989	1	0.030585106382978722	2.44	15.0	40.0
41	-1.55	0.830147999999999	1	0.02877379371403276	2.41	16.0	40.0
42	-1.65	0.7798359999999992	1	0.026991150442477872	2.4	17.0	40.0
43	-1.75	0.7358129999999993	1	0.02519893899204244	2.38	18.0	40.0
44	-1.8499999999999999	0.6980789999999994	1	0.023851590106007067	2.36	19.0	40.0
45	-1.9500000000000002	0.6603449999999994	1	0.02251655629139073	2.35	20.0	40.0
46	-1.35	0.9685059999999989	1	0.03275785745905268	2.41	14.0	40.0
47	-1.45	0.8930379999999989	1	0.030503978779840846	2.3800000000000003	15.0	40.0
48	-1.55	0.830147999999999	1	0.028722934158197086	2.37	16.0	40.0
49	-1.65	0.7798359999999992	1	0.026931567328918323	2.35	17.0	40.0
50	-1.75	0.7358129999999994	1	0.02514336127040141	2.33	18.0	40.0
51	-1.8499999999999999	0.6980789999999993	1	0.02380952380952381	2.3200000000000003	19.0	40.0
52	-1.9500000000000002	0.6603449999999994	1	0.022466960352422908	2.3000000000000003	20.0	40.0
53	-2.0500000000000003	0.6226109999999994	1	0.021576398062527518	2.29	21.0	40.0
54	-1.45	0.8930379999999989	1	0.03047703180212014	2.36	15.0	40.0
55	-1.55	0.830147999999999	1	0.028684907325684024	2.34	16.0	40.0
56	-1.65	0.7798359999999992	1	0.026895943562610228	2.32	17.0	40.0
57	-1.75	0.7358129999999993	1	0.025121198765976196	2.31	18.0	40.0
58	-1.8499999999999999	0.6980789999999993	1	0.023778071334214005	2.29	19.0	40.0
59	-1.9500000000000002	0.6603449999999995	1	0.02244718309859155	2.2800000000000002	20.0	40.0
60	-2.0500000000000003	0.6226109999999994	1	0.021547933157431837	2.26	21.0	40.0
61	-2.15	0.5911659999999995	1	0.020659340659340657	2.25	22.0	40.0
62	-1.65	0.7798359999999992	1	0.026860413914575075	2.29	17.0	40.0
63	-1.75	0.7358129999999993	1	0.025076990761108666	2.27	18.0	40.0
64	-1.8499999999999999	0.6980789999999993	1	0.023746701846965697	2.26	19.0	40.0
65	-1.9500000000000002	0.6603449999999994	1	0.02240773286467487	2.24	20.0	40.0
66	-2.0500000000000003	0.6226109999999994	1	0.021519543258673692	2.23	21.0	40.0
67	-2.15	0.5911659999999994	1	0.020632133450395083	2.2199999999999998	22.0	40.0
68	0.0	1.4876405012769625	1	0.049820466786355475	2.72	9.0	40.0
69	0.0	1.3400085452859463	1	0.044802867383512544	2.68	10.0	40.0
70	0.0	1.224685555035887	1	0.040697674418604654	2.64	11.0	40.0
71	0.0	1.1290337600357532	1	0.0370701205895489	2.6100000000000003	12.0	40.0
72	-1.25	1.0439739999999988	1	0.03568242640499554	2.58	13.0	40.0
73	-1.35	0.9685059999999989	1	0.03296213808463252	2.55	14.0	40.0
74	-1.75	0.7358129999999993	1	0.025288376220053237	2.46	18.0	40.0
75	0.0	1.3400085452859463	1	0.044682752457551385	2.62	10.0	40.0
76	0.0	1.2246855550358868	1	0.04060687193217314	2.59	11.0	40.0
77	0.0	1.1290337600357532	1	0.03698752228163992	2.56	12.0	40.0
78	-1.25	1.0439739999999988	1	0.03560302625723187	2.5300000000000002	13.0	40.0
79	-1.65	0.7798359999999992	1	0.027039007092198582	2.44	17.0	40.0
80	-1.75	0.7358129999999993	1	0.025232403718459494	2.41	18.0	40.0
81	0.0	1.1290337600357532	1	0.03690529124055135	2.51	12.0	40.0
82	-1.55	0.830147999999999	1	0.028786536758193093	2.42	16.0	40.0
83	-1.65	0.7798359999999992	1	0.02697921273772667	2.39	17.0	40.0
84	-1.25	1.0439739999999988	1	0.035445281346920696	2.43	13.0	40.0
85	-1.45	0.8930379999999989	1	0.030517470145953116	2.39	15.0	40.0
86	-1.55	0.830147999999999	1	0.02871024734982332	2.3600000000000003	16.0	40.0
87	-1.8499999999999999	0.6980789999999993	1	0.02379903040987219	2.31	19.0	40.0
88	-1.35	0.9685059999999989	1	0.03271441202475685	2.38	14.0	40.0
89	-1.45	0.8930379999999989	1	0.030463576158940398	2.35	15.0	40.0
90	-1.75	0.7358129999999993	1	0.025110132158590308	2.3	18.0	40.0
91	-1.9500000000000002	0.6603449999999994	1	0.02243730752309723	2.27	20.0	40.0
92	-1.45	0.8930379999999989	1	0.03042328042328042	2.32	15.0	40.0
93	-1.55	0.830147999999999	1	0.028634361233480177	2.3	16.0	40.0
94	-1.65	0.7798359999999993	1	0.026848591549295777	2.28	17.0	40.0
95	-1.8499999999999999	0.6980789999999994	1	0.023736263736263738	2.25	19.0	40.0
96	-2.0500000000000003	0.6226109999999994	1	0.02151009657594381	2.2199999999999998	21.0	40.0
97	-2.15	0.5911659999999995	1	0.020623080298376482	2.21	22.0	40.0
98	-1.65	0.7798359999999992	1	0.026813186813186812	2.25	17.0	40.0
99	-1.75	0.7358129999999993	1	0.025032938076416336	2.23	18.0	40.0
100	-1.8499999999999999	0.6980789999999993	1	0.02370500438981563	2.2199999999999998	19.0	40.0
101	-1.9500000000000002	0.6603449999999994	1	0.02236842105263158	2.2	20.0	40.0
102	-2.0500000000000003	0.6226109999999994	1	0.021481806225339763	2.19	21.0	40.0
103	-2.15	0.5911659999999994	1	0.020595968448729185	2.1799999999999997	22.0	40.0
104	-1.75	0.7358129999999993	1	0.025010969723562964	2.21	18.0	40.0
105	-1.8499999999999999	0.6980789999999993	1	0.023673827268741784	2.1900000000000004	19.0	40.0
106	-1.9500000000000002	0.6603449999999994	1	0.022348816827344437	2.18	20.0	40.0
107	-2.0500000000000003	0.6226109999999994	1	0.02146298729741568	2.17	21.0	40.0
108	-2.15	0.5911659999999994	1	0.020577933450087564	2.16	22.0	40.0
109	0.0	1.3400085452859463	1	0.04460303300624442	2.58	10.0	40.0
110	0.0	1.2246855550358868	1	0.04053452115812918	2.55	11.0	40.0
111	0.0	1.1290337600357532	1	0.03692170818505338	2.52	12.0	40.0
112	-1.25	1.0439739999999988	1	0.035539760106619286	2.49	13.0	40.0
113	-1.75	0.7358129999999993	1	0.025187803800265134	2.37	18.0	40.0
114	0.0	1.1290337600357532	1	0.03682342502218278	2.46	12.0	40.0
115	-1.65	0.7798359999999992	1	0.026919682259488084	2.3400000000000003	17.0	40.0
116	-1.25	1.0439739999999988	1	0.035398230088495575	2.4	13.0	40.0
117	-1.55	0.830147999999999	1	0.02867225408028231	2.33	16.0	40.0
118	-1.8499999999999999	0.6980789999999993	1	0.02376760563380282	2.28	19.0	40.0
119	-1.35	0.9685059999999989	1	0.03265666372462489	2.34	14.0	40.0
120	-1.45	0.8930379999999989	1	0.030409872190392238	2.31	15.0	40.0
121	-1.75	0.7358129999999993	1	0.025065963060686012	2.26	18.0	40.0
122	-1.9500000000000002	0.6603449999999994	1	0.022397891963109356	2.23	20.0	40.0
123	-1.45	0.8930379999999989	1	0.030369718309859153	2.28	15.0	40.0
124	-1.55	0.830147999999999	1	0.02858399296394019	2.26	16.0	40.0
125	-1.65	0.7798359999999992	1	0.026801405975395428	2.2399999999999998	17.0	40.0
126	-1.8499999999999999	0.6980789999999993	1	0.023694602896007024	2.21	19.0	40.0
127	-2.0500000000000003	0.6226109999999994	1	0.02147239263803681	2.1799999999999997	21.0	40.0
128	-2.15	0.5911659999999994	1	0.02058694699956198	2.17	22.0	40.0
129	-1.65	0.7798359999999992	1	0.02677787532923617	2.22	17.0	40.0
130	-1.75	0.7358129999999993	1	0.024999999999999998	2.2	18.0	40.0
131	-1.9500000000000002	0.6603449999999994	1	0.022339027595269383	2.17	20.0	40.0
132	-2.0500000000000003	0.6226109999999994	1	0.021453590192644482	2.16	21.0	40.0
133	-2.15	0.5911659999999994	1	0.02056892778993435	2.1500000000000004	22.0	40.0
134	-1.75	0.7358129999999992	1	0.024967148488830485	2.17	18.0	40.0
135	-1.8499999999999999	0.6980789999999993	1	0.02363238512035011	2.1500000000000004	19.0	40.0
136	-1.9500000000000002	0.6603449999999993	1	0.02230971128608924	2.14	20.0	40.0
137	-2.0500000000000003	0.6226109999999994	1	0.021425448185395712	2.13	21.0	40.0
138	-2.15	0.5911659999999994	1	0.02054195804195804	2.12	22.0	40.0
139	-1.8499999999999999	0.6980789999999993	1	0.02361171840839528	2.13	19.0	40.0
140	-1.9500000000000002	0.6603449999999994	1	0.022290209790209792	2.12	20.0	40.0
141	-2.0500000000000003	0.6226109999999994	1	0.021406727828746176	2.1100000000000003	21.0	40.0
142	-2.15	0.5911659999999995	1	0.02052401746724891	2.1	22.0	40.0
143	0.0	1.1290337600357532	1	0.03679078014184397	2.4400000000000004	12.0	40.0
144	-1.25	1.0439739999999988	1	0.03541389995573263	2.41	13.0	40.0
145	-1.35	0.9685059999999989	1	0.03272888102609465	2.39	14.0	40.0
146	-1.45	0.8930379999999989	1	0.030490499337163055	2.37	15.0	40.0
147	-1.55	0.830147999999999	1	0.028697571743929364	2.35	16.0	40.0
148	-1.65	0.7798359999999992	1	0.026895943562610228	2.3200000000000003	17.0	40.0
149	-1.25	1.0439739999999988	1	0.03535130357931949	2.37	13.0	40.0
150	-1.35	0.9685059999999989	1	0.032671081677704196	2.35	14.0	40.0
151	-1.45	0.8930379999999989	1	0.03043670048522276	2.33	15.0	40.0
152	-1.55	0.830147999999999	1	0.028634361233480177	2.3000000000000003	16.0	40.0
153	-1.35	0.9685059999999989	1	0.032613486117232256	2.31	14.0	40.0
154	-1.45	0.8930379999999989	1	0.030369718309859153	2.2800000000000002	15.0	40.0
155	-1.55	0.830147999999999	1	0.028596568411790587	2.27	16.0	40.0
156	-1.8499999999999999	0.6980789999999993	1	0.02370500438981563	2.22	19.0	40.0
157	-2.0500000000000003	0.6226109999999994	1	0.021481806225339763	2.1900000000000004	21.0	40.0
158	-1.45	0.8930379999999989	1	0.030343007915567283	2.2600000000000002	15.0	40.0
159	-1.55	0.830147999999999	1	0.028558875219683658	2.24	16.0	40.0
160	-1.65	0.7798359999999992	1	0.026742656729504603	2.1900000000000004	17.0	40.0
161	-1.8499999999999999	0.6980789999999993	1	0.023642732049036778	2.16	19.0	40.0
162	-1.75	0.7358129999999993	1	0.024945295404814	2.1500000000000004	18.0	40.0
163	-1.8499999999999999	0.6980789999999994	1	0.023580786026200878	2.1	19.0	40.0
164	-1.9500000000000002	0.6603449999999993	1	0.022261021388040158	2.09	20.0	40.0
165	-2.0500000000000003	0.6226109999999994	1	0.021378708551483418	2.08	21.0	40.0
166	-2.15	0.5911659999999995	1	0.020497165285651982	2.0700000000000003	22.0	40.0
167	-1.9500000000000002	0.6603449999999995	1	0.022241604884430877	2.0700000000000003	20.0	40.0
168	-2.0500000000000003	0.6226109999999994	1	0.02136006974716652	2.06	21.0	40.0
169	-2.15	0.5911659999999994	1	0.020470383275261322	2.04	22.0	40.0
170	-1.35	0.9685059999999989	1	0.032570422535211266	2.2800000000000002	14.0	40.0
171	-1.45	0.8930379999999989	1	0.03032967032967033	2.25	15.0	40.0
172	-1.45	0.8930379999999989	1	0.030289727831431076	2.22	15.0	40.0
173	-1.55	0.830147999999999	1	0.02850877192982456	2.2	16.0	40.0
174	-1.65	0.7798359999999992	1	0.02673093777388256	2.18	17.0	40.0
175	-2.0500000000000003	0.6226109999999994	1	0.021416083916083916	2.12	21.0	40.0
176	-2.15	0.5911659999999994	1	0.020532983835736127	2.1100000000000003	22.0	40.0
177	-1.65	0.7798359999999991	1	0.026707530647985988	2.16	17.0	40.0
178	-1.75	0.7358129999999994	1	0.024934383202099737	2.14	18.0	40.0
179	-1.9500000000000002	0.6603449999999994	1	0.022280471821756225	2.1100000000000003	20.0	40.0
180	-2.0500000000000003	0.6226109999999994	1	0.021397379912663755	2.1	21.0	40.0
181	-2.15	0.5911659999999994	1	0.020515058926233086	2.09	22.0	40.0
182	-1.75	0.7358129999999993	1	0.02490170380078637	2.1100000000000003	18.0	40.0
183	-1.8499999999999999	0.6980789999999993	1	0.023570493234395463	2.09	19.0	40.0
184	-1.9500000000000002	0.6603449999999995	1	0.02225130890052356	2.08	20.0	40.0
185	-2.0500000000000003	0.6226109999999995	1	0.02136938508504143	2.0700000000000003	21.0	40.0
186	-2.15	0.5911659999999994	1	0.020488230165649518	2.06	22.0	40.0
187	-1.8499999999999999	0.6980789999999993	1	0.023549934583515047	2.0700000000000003	19.0	40.0
188	-1.9500000000000002	0.6603449999999994	1	0.022231909328683522	2.06	20.0	40.0
189	-2.0500000000000003	0.6226109999999994	1	0.021350762527233117	2.05	21.0	40.0
190	-1.9500000000000002	0.6603449999999995	1	0.022212543554006967	2.04	20.0	40.0
191	-2.0500000000000003	0.6226109999999994	1	0.02133217239878102	2.0300000000000002	21.0	40.0
192	-2.15	0.5911659999999994	1	0.02044367116137451	2.0100000000000002	22.0	40.0
193	-1.45	0.8930379999999989	1	0.03026315789473684	2.2	15.0	40.0
194	-1.55	0.830147999999999	1	0.02848378615249781	2.18	16.0	40.0
195	-1.65	0.7798359999999992	1	0.026672496720594664	2.13	17.0	40.0
196	-1.75	0.7358129999999993	1	0.02487996508075076	2.09	18.0	40.0
197	-1.8499999999999999	0.6980789999999993	1	0.023529411764705885	2.05	19.0	40.0
198	-2.15	0.5911659999999994	1	0.020452567449956483	2.02	22.0	40.0
199	-1.9500000000000002	0.6603449999999995	1	0.022193211488250653	2.02	20.0	40.0
200	-2.0500000000000003	0.6226109999999995	1	0.02131361461505002	2.01	21.0	40.0
201	-2.15	0.5911659999999994	1	0.020425901781833983	1.99	22.0	40.0
202	-1.65	0.7798359999999992	1	0.02663755458515284	2.1	17.0	40.0
203	-1.75	0.7358129999999993	1	0.024869109947643974	2.08	18.0	40.0
204	-1.9500000000000002	0.6603449999999994	1	0.022222222222222223	2.05	20.0	40.0
205	-2.0500000000000003	0.6226109999999994	1	0.021341463414634144	2.04	21.0	40.0
206	-2.15	0.5911659999999994	1	0.02046147148454506	2.0300000000000002	22.0	40.0
207	-1.75	0.7358129999999993	1	0.02484742807323452	2.06	18.0	40.0
208	-1.8499999999999999	0.6980789999999993	1	0.023519163763066203	2.04	19.0	40.0
209	-1.9500000000000002	0.6603449999999994	1	0.022202873313016982	2.0300000000000002	20.0	40.0
210	-2.0500000000000003	0.6226109999999994	1	0.021322889469103566	2.02	21.0	40.0
211	-2.15	0.5911659999999994	1	0.020443671161374508	2.01	22.0	40.0
212	-1.8499999999999999	0.6980789999999993	1	0.02349869451697128	2.02	19.0	40.0
213	-1.9500000000000002	0.6603449999999994	1	0.02218355806872553	2.01	20.0	40.0
214	-2.0500000000000003	0.6226109999999995	1	0.021304347826086957	2.0	21.0	40.0
215	-1.9500000000000002	0.6603449999999995	1	0.022164276401564535	1.99	20.0	40.0
216	-2.0500000000000003	0.6226109999999994	1	0.021285838401390096	1.98	21.0	40.0
217	-2.15	0.5911659999999994	1	0.020399305555555556	1.96	22.0	40.0
218	-1.75	0.7358129999999993	1	0.024825783972125433	2.04	18.0	40.0
219	-1.8499999999999999	0.6980789999999993	1	0.02347826086956522	2.0	19.0	40.0
220	-2.15	0.5911659999999994	1	0.02040816326530612	1.97	22.0	40.0
221	-1.9500000000000002	0.6603449999999995	1	0.022135416666666668	1.96	20.0	40.0
222	-2.0500000000000003	0.6226109999999994	1	0.02125813449023861	1.95	21.0	40.0
223	-2.15	0.5911659999999994	1	0.02037277850021673	1.93	22.0	40.0
224	0.0	1.3400085452859463	1	0.044543429844097995	2.5500000000000003	10.0	40.0
225	0.0	1.224685555035887	1	0.04048042704626335	2.5200000000000005	11.0	40.0
226	0.0	1.1290337600357532	1	0.0368725011106175	2.49	12.0	40.0
227	-1.25	1.0439739999999988	1	0.035492457852706306	2.46	13.0	40.0
228	-1.35	0.9685059999999989	1	0.03278688524590164	2.43	14.0	40.0
229	-1.45	0.8930379999999989	1	0.030544488711819386	2.41	15.0	40.0
230	-1.55	0.830147999999999	1	0.028748341441839895	2.39	16.0	40.0
231	-1.65	0.7798359999999992	1	0.02695536897923111	2.37	17.0	40.0
232	-1.75	0.7358129999999993	1	0.02515445719329214	2.3400000000000003	18.0	40.0
233	0.0	1.1290337600357532	1	0.03677447939743021	2.4299999999999997	12.0	40.0
234	-1.65	0.7798359999999992	1	0.026884089907448214	2.31	17.0	40.0
235	-1.55	0.830147999999999	1	0.028546332894158984	2.23	16.0	40.0
236	-1.65	0.7798359999999992	1	0.02676612549363756	2.21	17.0	40.0
237	-1.8499999999999999	0.6980789999999993	1	0.02366345311130587	2.18	19.0	40.0
238	-2.0500000000000003	0.6226109999999995	1	0.021444201312910284	2.1500000000000004	21.0	40.0
239	-2.15	0.5911659999999994	1	0.020559930008748905	2.14	22.0	40.0
240	-1.8499999999999999	0.6980789999999993	1	0.023601398601398604	2.12	19.0	40.0
241	0.0	1.1290337600357532	1	0.036725663716814155	2.4000000000000004	12.0	40.0
242	-1.55	0.830147999999999	1	0.028646981048920227	2.31	16.0	40.0
243	-1.65	0.7798359999999993	1	0.026848591549295777	2.2800000000000002	17.0	40.0
244	-1.25	1.0439739999999988	1	0.035288928098809	2.33	13.0	40.0
245	-1.45	0.8930379999999989	1	0.030383091149273445	2.29	15.0	40.0
246	-1.55	0.830147999999999	1	0.028583992963940198	2.2600000000000002	16.0	40.0
247	-1.35	0.9685059999999989	1	0.03255609326880774	2.27	14.0	40.0
248	-1.45	0.8930379999999989	1	0.03031634446397188	2.24	15.0	40.0
249	-1.75	0.7358129999999993	1	0.02498903989478299	2.19	18.0	40.0
250	-1.9500000000000002	0.6603449999999994	1	0.022329246935201403	2.16	20.0	40.0
251	-1.65	0.7798359999999992	1	0.026695842450765863	2.1500000000000004	17.0	40.0
252	-1.75	0.7358129999999993	1	0.024923480542195012	2.13	18.0	40.0
253	-1.9500000000000002	0.6603449999999994	1	0.022270742358078605	2.1	20.0	40.0
254	-2.0500000000000003	0.6226109999999995	1	0.02138804015713662	2.09	21.0	40.0
255	-2.15	0.5911659999999994	1	0.02050610820244328	2.08	22.0	40.0
256	-1.8499999999999999	0.6980789999999993	1	0.023539668700959023	2.06	19.0	40.0
257	-2.15	0.5911659999999994	1	0.02043478260869565	2.0	22.0	40.0
258	-1.35	0.9685059999999989	1	0.032527472527472526	2.25	14.0	40.0
259	-1.55	0.830147999999999	1	0.028521281263712155	2.21	16.0	40.0
260	-1.65	0.7798359999999992	1	0.026742656729504603	2.19	17.0	40.0
261	-1.45	0.8930379999999989	1	0.030249890398947828	2.19	15.0	40.0
262	-1.55	0.8301479999999991	1	0.028471309680245294	2.17	16.0	40.0
263	-1.65	0.7798359999999992	1	0.026695842450765863	2.15	17.0	40.0
264	-2.15	0.5911659999999994	1	0.02041702867072111	1.98	22.0	40.0
265	-1.45	0.8930379999999989	1	0.03021015761821366	2.16	15.0	40.0
266	-1.55	0.830147999999999	1	0.028433945756780404	2.14	16.0	40.0
267	-1.65	0.7798359999999992	1	0.02666083916083916	2.12	17.0	40.0
268	-2.15	0.5911659999999994	1	0.020479302832244008	2.05	22.0	40.0
269	-1.65	0.7798359999999991	1	0.026625927542557833	2.09	17.0	40.0
270	-1.75	0.7358129999999993	1	0.024858264282599213	2.0700000000000003	18.0	40.0
271	-1.75	0.7358129999999992	1	0.02483660130718954	2.05	18.0	40.0
272	-1.8499999999999999	0.6980789999999993	1	0.02350892468437092	2.0300000000000002	19.0	40.0
273	-1.8499999999999999	0.6980789999999993	1	0.0234884732492388	2.01	19.0	40.0
274	-1.9500000000000002	0.6603449999999994	1	0.022173913043478263	2.0	20.0	40.0
275	-2.0500000000000003	0.6226109999999994	1	0.02129508909169926	1.99	21.0	40.0
276	-1.9500000000000002	0.6603449999999995	1	0.02215464813205908	1.98	20.0	40.0
277	-2.0500000000000003	0.6226109999999994	1	0.02127659574468085	1.97	21.0	40.0
278	-2.15	0.5911659999999994	1	0.02039045553145336	1.95	22.0	40.0
279	-1.65	0.7798359999999992	1	0.026602703881378108	2.0700000000000003	17.0	40.0
280	-1.75	0.7358129999999994	1	0.024814976055724858	2.0300000000000002	18.0	40.0
281	-1.8499999999999999	0.6980789999999992	1	0.02346805736636245	1.99	19.0	40.0
282	-1.75	0.7358129999999993	1	0.024793388429752063	2.01	18.0	40.0
283	-1.8499999999999999	0.6980789999999993	1	0.02344767694311767	1.97	19.0	40.0
284	-2.15	0.5911659999999994	1	0.020381613183000868	1.94	22.0	40.0
285	-1.9500000000000002	0.6603449999999994	1	0.022106631989596878	1.93	20.0	40.0
286	-2.0500000000000003	0.6226109999999994	1	0.02123050259965338	1.92	21.0	40.0
287	-2.15	0.5911659999999994	1	0.020346320346320345	1.9	22.0	40.0
288	0.0	1.129033760035753	1	0.03669319186560566	2.38	12.0	40.0
289	-1.25	1.0439739999999988	1	0.03532008830022076	2.35	13.0	40.0
290	-1.35	0.9685059999999989	1	0.03264225849139832	2.33	14.0	40.0
291	-1.55	0.830147999999999	1	0.028621752531924262	2.29	16.0	40.0
292	-1.65	0.7798359999999992	1	0.026824978012313105	2.2600000000000002	17.0	40.0
293	-1.75	0.7358129999999993	1	0.025054945054945054	2.25	18.0	40.0
294	-1.8499999999999999	0.6980789999999993	1	0.023715415019762848	2.23	19.0	40.0
295	-1.25	1.0439739999999988	1	0.03525782282944028	2.31	13.0	40.0
296	-1.35	0.9685059999999989	1	0.03258476442095993	2.29	14.0	40.0
297	-1.45	0.8930379999999989	1	0.03035635723713154	2.27	15.0	40.0
298	-1.65	0.7798359999999992	1	0.02678963548528766	2.23	17.0	40.0
299	-1.8499999999999999	0.6980789999999993	1	0.023673827268741784	2.19	19.0	40.0
300	-1.35	0.9685059999999989	1	0.03248463564530289	2.22	14.0	40.0
301	-1.45	0.8930379999999989	1	0.030183727034120734	2.14	15.0	40.0
302	-1.55	0.830147999999999	1	0.02840909090909091	2.12	16.0	40.0
303	-1.65	0.7798359999999992	1	0.026579520697167756	2.05	17.0	40.0
304	-1.9500000000000002	0.6603449999999994	1	0.02211621856027754	1.94	20.0	40.0
305	-2.0500000000000003	0.6226109999999994	1	0.021239705244906804	1.93	21.0	40.0
306	-2.15	0.5911659999999994	1	0.020355132091814637	1.91	22.0	40.0
307	-1.75	0.7358129999999993	1	0.02477183833116036	1.99	18.0	40.0
308	-1.8499999999999999	0.6980789999999994	1	0.023427331887201735	1.95	19.0	40.0
309	-2.15	0.5911659999999994	1	0.020363951473136917	1.92	22.0	40.0
310	-1.9500000000000002	0.6603449999999994	1	0.02208748375920312	1.91	20.0	40.0
311	-2.0500000000000003	0.6226109999999994	1	0.02121212121212121	1.9	21.0	40.0
312	-2.15	0.5911659999999994	1	0.02032871972318339	1.88	22.0	40.0
313	-1.35	0.9685059999999989	1	0.03245614035087719	2.2	14.0	40.0
314	-1.45	0.8930379999999989	1	0.030223390275952694	2.17	15.0	40.0
315	-1.55	0.830147999999999	1	0.028458844133099827	2.16	16.0	40.0
316	-1.65	0.7798359999999991	1	0.02668416447944007	2.14	17.0	40.0
317	-1.75	0.7358129999999993	1	0.024912587412587412	2.12	18.0	40.0
318	-1.8499999999999999	0.6980789999999993	1	0.023591087811271297	2.1100000000000003	19.0	40.0
319	-1.65	0.7798359999999992	1	0.026614310645724257	2.08	17.0	40.0
320	-1.45	0.8930379999999989	1	0.030157342657342656	2.12	15.0	40.0
321	-1.55	0.830147999999999	1	0.028384279475982536	2.1	16.0	40.0
322	-1.65	0.7798359999999993	1	0.02655637788419678	2.0300000000000002	17.0	40.0
323	-1.9500000000000002	0.6603449999999994	1	0.022097053726169845	1.92	20.0	40.0
324	-2.0500000000000003	0.6226109999999994	1	0.02122130792550888	1.91	21.0	40.0
325	-2.15	0.5911659999999994	1	0.02033751622674167	1.89	22.0	40.0
326	-1.75	0.7358129999999994	1	0.024750325662179763	1.97	18.0	40.0
327	-1.8499999999999999	0.6980789999999992	1	0.02340702210663199	1.93	19.0	40.0
328	-1.9500000000000002	0.6603449999999993	1	0.02206836867157075	1.89	20.0	40.0
329	-2.0500000000000003	0.6226109999999994	1	0.021193771626297576	1.88	21.0	40.0
330	-2.15	0.5911659999999994	1	0.020311149524632668	1.8599999999999999	22.0	40.0
331	-1.45	0.8930379999999989	1	0.030131004366812226	2.1	15.0	40.0
332	-1.55	0.830147999999999	1	0.028359511343804537	2.08	16.0	40.0
333	-1.65	0.7798359999999991	1	0.026591107236268525	2.06	17.0	40.0
334	-1.65	0.7798359999999992	1	0.026533275337103087	2.01	17.0	40.0
335	-1.8499999999999999	0.6980789999999992	1	0.023457862728062558	1.98	19.0	40.0
336	-1.9500000000000002	0.6603449999999994	1	0.02207792207792208	1.9	20.0	40.0
337	-2.0500000000000003	0.6226109999999994	1	0.02120294244915621	1.89	21.0	40.0
338	-2.15	0.5911659999999994	1	0.020319930825767402	1.8699999999999999	22.0	40.0
339	-1.75	0.7358129999999993	1	0.02471812662619254	1.94	18.0	40.0
340	-1.8499999999999999	0.6980789999999993	1	0.023396880415944545	1.92	19.0	40.0
341	-1.8499999999999999	0.6980789999999993	1	0.023376623376623377	1.9	19.0	40.0
342	-1.9500000000000002	0.6603449999999994	1	0.022039757994814176	1.8599999999999999	20.0	40.0
343	-2.0500000000000003	0.6226109999999994	1	0.021166306695464362	1.8499999999999999	21.0	40.0
344	-2.15	0.5911659999999994	1	0.020284851100561066	1.8299999999999998	22.0	40.0
345	-2.4499999999999997	20.257193636916735	2	1.0	2.93	7.0	40.0
346	-3.2	20.272916136916738	2	1.0	2.88	8.0	40.0
347	-4.05	20.29492763691674	2	1.0	2.83	9.0	40.0
348	-5.0	10.801682136916737	2	0.9049773755656109	2.79	10.0	40.0
349	6.75	3288912.582859324	2	0.3288888888888889	2.75	11.0	40.0
350	7.249999999999999	3013127.9593742345	2	0.30131004366812225	2.71	12.0	40.0
351	7.75	2801756.754003566	2	0.2801724137931035	2.68	13.0	40.0
352	6.4	2638322.0798976603	2	0.2638297872340426	2.6500000000000004	14.0	40.0
353	6.8	2479019.4398052692	2	0.24789915966386555	2.62	15.0	40.0
354	7.199999999999999	2323683.718346122	2	0.23236514522821577	2.59	16.0	40.0
355	7.6000000000000005	2181106.932238954	2	0.2181069958847737	2.5700000000000003	17.0	40.0
356	-4.05	11.607403660916738	2	0.9910714285714287	2.7600000000000002	9.0	40.0
357	-5.0	10.801682136916737	2	0.8771929824561404	2.72	10.0	40.0
358	6.75	3189678.880301717	2	0.31896551724137934	2.68	11.0	40.0
359	7.249999999999999	2936197.746054877	2	0.2936170212765958	2.6500000000000004	12.0	40.0
360	7.75	2731125.0626424477	2	0.273109243697479	2.62	13.0	40.0
361	6.4	2572638.3243640135	2	0.2572614107883817	2.59	14.0	40.0
362	6.8	2418060.638217938	2	0.24180327868852458	2.56	15.0	40.0
363	7.199999999999999	2276455.0365292835	2	0.22764227642276424	2.54	16.0	40.0
364	7.6000000000000005	2137133.753309511	2	0.21370967741935484	2.52	17.0	40.0
365	8.0	2000041.9006535495	2	0.2	2.5	18.0	40.0
366	-5.0	10.801682136916737	2	0.8547008547008548	2.66	10.0	40.0
367	6.75	3122386.5865239543	2	0.3122362869198312	2.63	11.0	40.0
368	7.249999999999999	2875027.5417141374	2	0.2875	2.6	12.0	40.0
369	7.75	2674929.752643204	2	0.26748971193415644	2.5700000000000003	13.0	40.0
370	6.4	2520349.4268355356	2	0.25203252032520324	2.54	14.0	40.0
371	6.8	2379060.1146217426	2	0.2379032258064516	2.52	15.0	40.0
372	7.199999999999999	2240032.2771121385	2	0.22400000000000003	2.5	16.0	40.0
373	7.6000000000000005	2103211.5867067985	2	0.21031746031746032	2.48	17.0	40.0
374	8.0	1960826.2194350949	2	0.19607843137254904	2.45	18.0	40.0
375	7.249999999999999	2816354.0804077135	2	0.2816326530612244	2.55	12.0	40.0
376	7.75	2621000.382563283	2	0.2620967741935484	2.52	13.0	40.0
377	6.4	2480024.229061573	2	0.248	2.5	14.0	40.0
378	6.8	2341297.7028857437	2	0.2341269841269841	2.48	15.0	40.0
379	7.199999999999999	2204756.6912199417	2	0.22047244094488191	2.46	16.0	40.0
380	7.6000000000000005	2062293.79819769	2	0.20622568093385216	2.43	17.0	40.0
381	8.0	1938026.404773202	2	0.19379844961240308	2.42	18.0	40.0
382	6.15	1884642.645936518	2	0.18846153846153846	2.4	19.0	40.0
383	7.75	2579397.725644489	2	0.25793650793650796	2.48	13.0	40.0
384	6.4	2440969.116256869	2	0.24409448818897636	2.46	14.0	40.0
385	6.8	2304715.3665164947	2	0.23046874999999997	2.44	15.0	40.0
386	7.199999999999999	2162194.4495546473	2	0.21621621621621626	2.41	16.0	40.0
387	7.6000000000000005	2038498.5304185466	2	0.20384615384615384	2.4	17.0	40.0
388	8.0	1908438.8590287615	2	0.19083969465648853	2.38	18.0	40.0
389	6.15	1856087.87106329	2	0.1856060606060606	2.36	19.0	40.0
390	4.2	1811335.802866485	2	0.1811320754716981	2.35	20.0	40.0
391	6.4	2393846.6345909624	2	0.2393822393822394	2.41	14.0	40.0
392	6.8	2251936.2705333806	2	0.2251908396946565	2.3800000000000003	15.0	40.0
393	7.199999999999999	2129309.8582756054	2	0.2129277566539924	2.37	16.0	40.0
394	7.6000000000000005	2000036.996964208	2	0.2	2.35	17.0	40.0
395	8.0	1872701.0931014882	2	0.18726591760299627	2.33	18.0	40.0
396	6.15	1828385.4775295616	2	0.18283582089552242	2.3200000000000003	19.0	40.0
397	4.2	1777792.8302519578	2	0.17777777777777778	2.3000000000000003	20.0	40.0
398	2.15	1734323.6067458612	2	0.17343173431734316	2.29	21.0	40.0
399	6.8	2234876.3607206563	2	0.22348484848484845	2.36	15.0	40.0
400	7.199999999999999	2105295.452802095	2	0.2105263157894737	2.34	16.0	40.0
401	7.6000000000000005	1977648.9401773543	2	0.19776119402985073	2.32	17.0	40.0
402	8.0	1858777.9783461788	2	0.1858736059479554	2.31	18.0	40.0
403	6.15	1808145.3523646966	2	0.18081180811808117	2.29	19.0	40.0
404	4.2	1764720.9365124728	2	0.17647058823529413	2.2800000000000002	20.0	40.0
405	2.15	1715334.7331739385	2	0.17153284671532845	2.26	21.0	40.0
406	0.0	1636365.5984934769	2	0.16363636363636364	2.25	22.0	40.0
407	7.6000000000000005	1955756.559924527	2	0.1955719557195572	2.29	17.0	40.0
408	8.0	1831543.7538797485	2	0.18315018315018314	2.27	18.0	40.0
409	6.15	1788348.4416195005	2	0.17883211678832114	2.26	19.0	40.0
410	4.2	1739145.4922395672	2	0.17391304347826086	2.24	20.0	40.0
411	2.15	1696757.1709429242	2	0.16967509025270758	2.23	21.0	40.0
412	0.0	1618707.0003777763	2	0.1618705035971223	2.2199999999999998	22.0	40.0
413	-4.05	11.607403660916738	2	0.9736842105263159	2.72	9.0	40.0
414	-5.0	10.801682136916737	2	0.8620689655172414	2.68	10.0	40.0
415	6.75	3135616.935809074	2	0.3135593220338983	2.64	11.0	40.0
416	7.249999999999999	2887056.828760225	2	0.2887029288702929	2.6100000000000003	12.0	40.0
417	7.75	2685983.0450232197	2	0.26859504132231404	2.58	13.0	40.0
418	6.4	2530636.467083995	2	0.2530612244897959	2.55	14.0	40.0
419	8.0	1968545.8417221918	2	0.19685039370078738	2.46	18.0	40.0
420	-5.0	10.801682136916737	2	0.8403361344537815	2.62	10.0	40.0
421	6.75	3070563.1436809977	2	0.30705394190871366	2.59	11.0	40.0
422	7.249999999999999	2827896.4006647156	2	0.2827868852459016	2.56	12.0	40.0
423	7.75	2631611.5865547177	2	0.26315789473684215	2.5300000000000002	13.0	40.0
424	7.6000000000000005	2070349.4878104206	2	0.20703125	2.44	17.0	40.0
425	8.0	1930543.8401158245	2	0.19305019305019305	2.41	18.0	40.0
426	7.249999999999999	2771111.893376255	2	0.2771084337349397	2.51	12.0	40.0
427	7.199999999999999	2170574.921944558	2	0.2170542635658915	2.42	16.0	40.0
428	7.6000000000000005	2030688.3339699646	2	0.20306513409961688	2.39	17.0	40.0
429	7.75	2529215.532473958	2	0.25291828793774324	2.43	13.0	40.0
430	6.8	2260564.2708984357	2	0.2260536398467433	2.39	15.0	40.0
431	7.199999999999999	2121244.414013038	2	0.21212121212121215	2.3600000000000003	16.0	40.0
432	6.15	1821588.6077406164	2	0.1821561338289963	2.31	19.0	40.0
433	6.4	2366436.458232625	2	0.23664122137404578	2.38	14.0	40.0
434	6.8	2226442.971341536	2	0.22264150943396227	2.35	15.0	40.0
435	8.0	1851893.771606053	2	0.18518518518518517	2.3	18.0	40.0
436	4.2	1758256.8132347052	2	0.1758241758241758	2.27	20.0	40.0
437	6.8	2201520.4176539867	2	0.22014925373134325	2.32	15.0	40.0
438	7.199999999999999	2074106.3731006961	2	0.2074074074074074	2.3	16.0	40.0
439	7.6000000000000005	1948566.4154297258	2	0.1948529411764706	2.28	17.0	40.0
440	6.15	1781845.4563928968	2	0.1781818181818182	2.25	19.0	40.0
441	2.15	1690653.7512171469	2	0.16906474820143882	2.2199999999999998	21.0	40.0
442	0.0	1612905.1909610287	2	0.16129032258064516	2.21	22.0	40.0
443	7.6000000000000005	1927309.7337050955	2	0.19272727272727275	2.25	17.0	40.0
444	8.0	1805096.0774123496	2	0.18050541516245489	2.23	18.0	40.0
445	6.15	1762617.2051113562	2	0.17625899280575538	2.2199999999999998	19.0	40.0
446	4.2	1714300.7749458877	2	0.17142857142857143	2.2	20.0	40.0
447	2.15	1672604.1362985682	2	0.16725978647686832	2.19	21.0	40.0
448	0.0	1595746.6482178818	2	0.15957446808510636	2.1799999999999997	22.0	40.0
449	8.0	1792156.6227965788	2	0.17921146953405018	2.21	18.0	40.0
450	6.15	1743799.521472838	2	0.17437722419928828	2.1900000000000004	19.0	40.0
451	4.2	1702142.7218021723	2	0.1702127659574468	2.18	20.0	40.0
452	2.15	1660783.658212903	2	0.16607773851590105	2.17	21.0	40.0
453	0.0	1584509.0110692014	2	0.15845070422535212	2.16	22.0	40.0
454	-5.0	10.801682136916737	2	0.8264462809917356	2.58	10.0	40.0
455	6.75	3020431.894890055	2	0.30204081632653057	2.55	11.0	40.0
456	7.249999999999999	2782285.619003984	2	0.2782258064516129	2.52	12.0	40.0
457	7.75	2589674.079146343	2	0.25896414342629487	2.49	13.0	40.0
458	8.0	1901182.5978100682	2	0.19011406844106465	2.37	18.0	40.0
459	7.249999999999999	2716562.996610962	2	0.2716535433070866	2.46	12.0	40.0
460	7.6000000000000005	1992518.2009505786	2	0.19924812030075192	2.3400000000000003	17.0	40.0
461	7.75	2500032.6570609407	2	0.25	2.4	13.0	40.0
462	7.199999999999999	2097410.5731023033	2	0.20973782771535582	2.33	16.0	40.0
463	6.15	1801497.860276236	2	0.18014705882352938	2.28	19.0	40.0
464	6.4	2330851.316995486	2	0.23308270676691728	2.34	14.0	40.0
465	6.8	2193336.4316227594	2	0.21933085501858735	2.31	15.0	40.0
466	8.0	1824859.4414878967	2	0.18248175182481752	2.26	18.0	40.0
467	4.2	1732867.0438260022	2	0.17328519855595667	2.23	20.0	40.0
468	6.8	2169145.5317363376	2	0.21691176470588233	2.28	15.0	40.0
469	7.199999999999999	2043827.9234635718	2	0.20437956204379562	2.26	16.0	40.0
470	7.6000000000000005	1920326.8624139123	2	0.19202898550724637	2.2399999999999998	17.0	40.0
471	6.15	1756299.679302009	2	0.17562724014336917	2.21	19.0	40.0
472	2.15	1666672.938961257	2	0.16666666666666663	2.1799999999999997	21.0	40.0
473	0.0	1590107.9751609468	2	0.15901060070671377	2.17	22.0	40.0
474	7.6000000000000005	1906511.8292838747	2	0.19064748201438853	2.22	17.0	40.0
475	8.0	1785756.2139955638	2	0.17857142857142858	2.2	18.0	40.0
476	4.2	1696128.1372081079	2	0.16961130742049468	2.17	20.0	40.0
477	2.15	1654935.8512726354	2	0.16549295774647887	2.16	21.0	40.0
478	0.0	1578949.3379535384	2	0.15789473684210528	2.1500000000000004	22.0	40.0
479	8.0	1766826.38301871	2	0.17667844522968199	2.17	18.0	40.0
480	6.15	1719325.5282494081	2	0.17192982456140352	2.1500000000000004	19.0	40.0
481	4.2	1678336.7436186736	2	0.16783216783216784	2.14	20.0	40.0
482	2.15	1637636.9380590913	2	0.16376306620209058	2.13	21.0	40.0
483	0.0	1562501.971653035	2	0.15625	2.12	22.0	40.0
484	6.15	1707344.35735083	2	0.17073170731707316	2.13	19.0	40.0
485	4.2	1666681.7334663353	2	0.16666666666666666	2.12	20.0	40.0
486	2.15	1626303.8553540248	2	0.16262975778546715	2.1100000000000003	21.0	40.0
487	0.0	1551726.110973395	2	0.15517241379310345	2.1	22.0	40.0
488	7.249999999999999	2695340.0664632157	2	0.26953125	2.4400000000000004	12.0	40.0
489	7.75	2509685.1654021833	2	0.25096525096525096	2.41	13.0	40.0
490	6.4	2375503.170463544	2	0.23754789272030652	2.39	14.0	40.0
491	6.8	2243373.882338401	2	0.22433460076045628	2.37	15.0	40.0
492	7.199999999999999	2113239.8410279234	2	0.21132075471698117	2.35	16.0	40.0
493	7.6000000000000005	1977648.9401773547	2	0.1977611940298508	2.3200000000000003	17.0	40.0
494	7.75	2471515.550668754	2	0.24714828897338406	2.37	13.0	40.0
495	6.4	2339646.889640892	2	0.2339622641509434	2.35	14.0	40.0
496	6.8	2209765.706951366	2	0.22097378277153557	2.33	15.0	40.0
497	7.199999999999999	2074106.3731006966	2	0.20740740740740746	2.3000000000000003	16.0	40.0
498	6.4	2304856.9666122226	2	0.23048327137546468	2.31	14.0	40.0
499	6.8	2169145.5317363376	2	0.21691176470588236	2.2800000000000002	15.0	40.0
500	7.199999999999999	2051314.353318905	2	0.20512820512820515	2.27	16.0	40.0
501	6.15	1762617.2051113565	2	0.1762589928057554	2.22	19.0	40.0
502	2.15	1672604.1362985685	2	0.16725978647686834	2.1900000000000004	21.0	40.0
503	6.8	2153312.558331356	2	0.21532846715328469	2.2600000000000002	15.0	40.0
504	7.199999999999999	2029017.8122280221	2	0.20289855072463772	2.24	16.0	40.0
505	7.6000000000000005	1886158.0082310783	2	0.18861209964412814	2.1900000000000004	17.0	40.0
506	6.15	1725379.3945309077	2	0.17253521126760563	2.16	19.0	40.0
507	8.0	1754427.8972327006	2	0.1754385964912281	2.1500000000000004	18.0	40.0
508	6.15	1689682.4588710298	2	0.16896551724137931	2.1	19.0	40.0
509	4.2	1649499.6050974247	2	0.16494845360824742	2.09	20.0	40.0
510	2.15	1609595.3207494654	2	0.16095890410958905	2.08	21.0	40.0
511	0.0	1535838.1525651885	2	0.15358361774744028	2.0700000000000003	22.0	40.0
512	4.2	1638240.3264392992	2	0.16382252559726965	2.0700000000000003	20.0	40.0
513	2.15	1598645.7368476111	2	0.15986394557823128	2.06	21.0	40.0
514	0.0	1520272.247367959	2	0.15202702702702703	2.04	22.0	40.0
515	6.4	2279436.0210168255	2	0.22794117647058826	2.2800000000000002	14.0	40.0
516	6.8	2145482.433301983	2	0.21454545454545454	2.25	15.0	40.0
517	6.8	2122330.049222326	2	0.21223021582733814	2.22	15.0	40.0
518	7.199999999999999	2000032.308809874	2	0.20000000000000004	2.2	16.0	40.0
519	7.6000000000000005	1879469.6367740124	2	0.18794326241134754	2.18	17.0	40.0
520	2.15	1631950.7212157506	2	0.16319444444444445	2.12	21.0	40.0
521	0.0	1557095.397955638	2	0.15570934256055366	2.1100000000000003	22.0	40.0
522	7.6000000000000005	1866234.197482214	2	0.18661971830985918	2.16	17.0	40.0
523	8.0	1748293.681363049	2	0.17482517482517484	2.14	18.0	40.0
524	4.2	1660914.7215224453	2	0.1660899653979239	2.1100000000000003	20.0	40.0
525	2.15	1620695.933394793	2	0.16206896551724137	2.1	21.0	40.0
526	0.0	1546393.7263071812	2	0.15463917525773196	2.09	22.0	40.0
527	8.0	1730145.7416794775	2	0.17301038062283738	2.1100000000000003	18.0	40.0
528	6.15	1683876.084456708	2	0.1683848797250859	2.09	19.0	40.0
529	4.2	1643850.6861816184	2	0.1643835616438356	2.08	20.0	40.0
530	2.15	1604101.8435017776	2	0.16040955631399317	2.0700000000000003	21.0	40.0
531	0.0	1530614.2206622632	2	0.15306122448979592	2.06	22.0	40.0
532	6.15	1672382.2374932051	2	0.1672354948805461	2.0700000000000003	19.0	40.0
533	4.2	1632668.132409512	2	0.16326530612244897	2.06	20.0	40.0
534	2.15	1593226.6207470326	2	0.15932203389830507	2.05	21.0	40.0
535	4.2	1621636.6942289213	2	0.16216216216216217	2.04	20.0	40.0
536	2.15	1582497.8656388165	2	0.15824915824915825	2.0300000000000002	21.0	40.0
537	0.0	1505018.7014723462	2	0.1505016722408027	2.0100000000000002	22.0	40.0
538	6.8	2107170.7501225513	2	0.21071428571428572	2.2	15.0	40.0
539	7.199999999999999	1985847.9135201424	2	0.19858156028368798	2.18	16.0	40.0
540	7.6000000000000005	1846726.9123936046	2	0.18466898954703834	2.13	17.0	40.0
541	8.0	1718254.9954034148	2	0.1718213058419244	2.09	18.0	40.0
542	6.15	1661044.239302088	2	0.16610169491525423	2.05	19.0	40.0
543	0.0	1510069.0925071351	2	0.15100671140939598	2.02	22.0	40.0
544	4.2	1610753.3290440424	2	0.1610738255033557	2.02	20.0	40.0
545	2.15	1571912.6390270311	2	0.157190635451505	2.01	21.0	40.0
546	0.0	1495018.5916493088	2	0.14950166112956811	1.99	22.0	40.0
547	7.6000000000000005	1827623.226306829	2	0.18275862068965518	2.1	17.0	40.0
548	8.0	1712370.7048661166	2	0.17123287671232876	2.08	18.0	40.0
549	4.2	1627133.715966368	2	0.16271186440677965	2.05	20.0	40.0
550	2.15	1587844.1202957823	2	0.15878378378378377	2.04	21.0	40.0
551	0.0	1515153.4929091618	2	0.15151515151515152	2.0300000000000002	22.0	40.0
552	8.0	1700722.211353506	2	0.17006802721088435	2.06	18.0	40.0
553	6.15	1655432.6962784438	2	0.16554054054054054	2.04	19.0	40.0
554	4.2	1616176.689472871	2	0.16161616161616163	2.0300000000000002	20.0	40.0
555	2.15	1577187.4918855887	2	0.15771812080536912	2.02	21.0	40.0
556	0.0	1505018.701472346	2	0.15050167224080266	2.01	22.0	40.0
557	6.15	1644322.5943188802	2	0.16442953020134227	2.02	19.0	40.0
558	4.2	1605366.2452736006	2	0.16053511705685616	2.01	20.0	40.0
559	2.15	1566672.9518541973	2	0.15666666666666665	2.0	21.0	40.0
560	4.2	1594699.461462361	2	0.159468438538206	1.99	20.0	40.0
561	2.15	1556297.677253686	2	0.15562913907284767	1.98	21.0	40.0
562	0.0	1480265.1401505184	2	0.14802631578947367	1.96	22.0	40.0
563	8.0	1689231.12991539	2	0.16891891891891891	2.04	18.0	40.0
564	6.15	1633360.6270521109	2	0.16333333333333333	2.0	19.0	40.0
565	0.0	1485150.4964774007	2	0.1485148514851485	1.97	22.0	40.0
566	4.2	1578962.446530318	2	0.15789473684210525	1.96	20.0	40.0
567	2.15	1540989.8950562095	2	0.1540983606557377	1.95	21.0	40.0
568	0.0	1465800.0297233656	2	0.14657980456026057	1.93	22.0	40.0
569	-5.0	10.801682136916737	2	0.816326530612245	2.5500000000000003	10.0	40.0
570	6.75	2983894.7044910127	2	0.2983870967741936	2.5200000000000005	11.0	40.0
571	7.249999999999999	2749031.5431318176	2	0.2749003984063745	2.49	12.0	40.0
572	7.75	2559087.7671486987	2	0.2559055118110236	2.46	13.0	40.0
573	6.4	2412475.6001055776	2	0.24124513618677043	2.43	14.0	40.0
574	6.8	2278020.148084881	2	0.2277992277992278	2.41	15.0	40.0
575	7.199999999999999	2145626.159312525	2	0.2145593869731801	2.39	16.0	40.0
576	7.6000000000000005	2015246.1204594602	2	0.20152091254752855	2.37	17.0	40.0
577	8.0	1879741.164284154	2	0.1879699248120301	2.3400000000000003	18.0	40.0
578	7.249999999999999	2684852.470631449	2	0.2684824902723735	2.4299999999999997	12.0	40.0
579	7.6000000000000005	1970297.2238842736	2	0.19702602230483274	2.31	17.0	40.0
580	7.199999999999999	2021692.9557685622	2	0.20216606498194947	2.23	16.0	40.0
581	7.6000000000000005	1899678.587090522	2	0.1899641577060932	2.21	17.0	40.0
582	6.15	1737615.9327594712	2	0.17375886524822695	2.18	19.0	40.0
583	2.15	1649129.0815740542	2	0.1649122807017544	2.1500000000000004	21.0	40.0
584	0.0	1573428.5436708517	2	0.15734265734265734	2.14	22.0	40.0
585	6.15	1701416.1738333046	2	0.1701388888888889	2.12	19.0	40.0
586	7.249999999999999	2653873.7260206956	2	0.2653846153846154	2.4000000000000004	12.0	40.0
587	7.199999999999999	2081816.6846253918	2	0.20817843866171007	2.31	16.0	40.0
588	7.6000000000000005	1948566.415429726	2	0.19485294117647062	2.2800000000000002	17.0	40.0
589	7.75	2434489.5948037417	2	0.24344569288389514	2.33	13.0	40.0
590	6.8	2177149.6548229884	2	0.2177121771217712	2.29	15.0	40.0
591	7.199999999999999	2043827.923463572	2	0.20437956204379565	2.2600000000000002	16.0	40.0
592	6.4	2271086.5285074706	2	0.2271062271062271	2.27	14.0	40.0
593	6.8	2137709.048309054	2	0.213768115942029	2.24	15.0	40.0
594	8.0	1779401.3597055878	2	0.17793594306049823	2.19	18.0	40.0
595	4.2	1690155.9088435795	2	0.16901408450704225	2.16	20.0	40.0
596	7.6000000000000005	1859686.1380431138	2	0.18596491228070178	2.1500000000000004	17.0	40.0
597	8.0	1742202.2126423146	2	0.17421602787456444	2.13	18.0	40.0
598	4.2	1655187.4820747194	2	0.16551724137931034	2.1	20.0	40.0
599	2.15	1615126.5538545253	2	0.16151202749140892	2.09	21.0	40.0
600	0.0	1541097.8648236129	2	0.1541095890410959	2.08	22.0	40.0
601	6.15	1666693.9560877974	2	0.16666666666666666	2.06	19.0	40.0
602	0.0	1500001.9797111223	2	0.15	2.0	22.0	40.0
603	6.4	2254569.7142344187	2	0.22545454545454546	2.25	14.0	40.0
604	7.199999999999999	2007200.7666444697	2	0.2007168458781362	2.21	16.0	40.0
605	7.6000000000000005	1886158.0082310778	2	0.18861209964412812	2.19	17.0	40.0
606	6.8	2099672.0220981073	2	0.2099644128113879	2.19	15.0	40.0
607	7.199999999999999	1978830.8981824657	2	0.19787985865724383	2.17	16.0	40.0
608	7.6000000000000005	1859686.1380431133	2	0.18596491228070175	2.15	17.0	40.0
609	0.0	1490068.206157441	2	0.1490066225165563	1.98	22.0	40.0
610	6.8	2077492.6856877806	2	0.20774647887323944	2.16	15.0	40.0
611	7.199999999999999	1958074.2723933945	2	0.19580419580419584	2.14	16.0	40.0
612	7.6000000000000005	1840314.795535775	2	0.1840277777777778	2.12	17.0	40.0
613	0.0	1525425.7052468155	2	0.15254237288135591	2.05	22.0	40.0
614	7.6000000000000005	1821342.8621522987	2	0.18213058419243985	2.09	17.0	40.0
615	8.0	1706526.5801345338	2	0.17064846416382254	2.0700000000000003	18.0	40.0
616	8.0	1694957.1942252307	2	0.1694915254237288	2.05	18.0	40.0
617	6.15	1649858.9414233093	2	0.16498316498316498	2.0300000000000002	19.0	40.0
618	6.15	1638823.2796365542	2	0.16387959866220733	2.01	19.0	40.0
619	4.2	1600015.0753949622	2	0.16	2.0	20.0	40.0
620	2.15	1561468.0798785256	2	0.15614617940199335	1.99	21.0	40.0
621	4.2	1589419.0502710354	2	0.15894039735099338	1.98	20.0	40.0
622	2.15	1551161.402698977	2	0.1551155115511551	1.97	21.0	40.0
623	0.0	1475411.8189470915	2	0.1475409836065574	1.95	22.0	40.0
624	7.6000000000000005	1808910.7419829224	2	0.1808873720136519	2.0700000000000003	17.0	40.0
625	8.0	1683543.6249611713	2	0.16835016835016836	2.0300000000000002	18.0	40.0
626	6.15	1627934.2711625807	2	0.16279069767441862	1.99	19.0	40.0
627	8.0	1672282.7455869312	2	0.16722408026755853	2.01	18.0	40.0
628	6.15	1617189.0119753913	2	0.1617161716171617	1.97	19.0	40.0
629	0.0	1470590.2187972814	2	0.14705882352941177	1.94	22.0	40.0
630	4.2	1563532.9954080214	2	0.1563517915309446	1.93	20.0	40.0
631	2.15	1525980.3164080344	2	0.1525974025974026	1.92	21.0	40.0
632	0.0	1451614.889175448	2	0.14516129032258066	1.9	22.0	40.0
633	7.249999999999999	2633615.3612243496	2	0.2633587786259542	2.38	12.0	40.0
634	7.75	2452862.852148078	2	0.24528301886792456	2.35	13.0	40.0
635	6.4	2322121.6287893713	2	0.23220973782771537	2.33	14.0	40.0
636	7.199999999999999	2066452.9642440802	2	0.20664206642066424	2.29	16.0	40.0
637	7.6000000000000005	1934343.5748597176	2	0.19343065693430658	2.2600000000000002	17.0	40.0
638	8.0	1818223.742277077	2	0.18181818181818182	2.25	18.0	40.0
639	6.15	1768980.344825464	2	0.17689530685920576	2.23	19.0	40.0
640	7.75	2416389.5457470533	2	0.241635687732342	2.31	13.0	40.0
641	6.4	2287847.133397098	2	0.22878228782287824	2.29	14.0	40.0
642	6.8	2161200.0469140573	2	0.2161172161172161	2.27	15.0	40.0
643	7.6000000000000005	1913394.4089659872	2	0.19133574007220217	2.23	17.0	40.0
644	6.15	1743799.5214728378	2	0.17437722419928825	2.19	19.0	40.0
645	6.4	2230240.0903322077	2	0.22302158273381295	2.22	14.0	40.0
646	6.8	2062964.961838592	2	0.2062937062937063	2.14	15.0	40.0
647	7.199999999999999	1944476.7605917575	2	0.19444444444444448	2.12	16.0	40.0
648	7.6000000000000005	1796647.1929344859	2	0.17966101694915254	2.05	17.0	40.0
649	4.2	1568642.530420198	2	0.1568627450980392	1.94	20.0	40.0
650	2.15	1530950.9152003182	2	0.1530944625407166	1.93	21.0	40.0
651	0.0	1456312.6649556109	2	0.14563106796116507	1.91	22.0	40.0
652	8.0	1661171.5124502233	2	0.16611295681063123	1.99	18.0	40.0
653	6.15	1606584.6742201657	2	0.16065573770491803	1.95	19.0	40.0
654	0.0	1461040.9457733068	2	0.1461038961038961	1.92	22.0	40.0
655	4.2	1553413.1396557498	2	0.15533980582524273	1.91	20.0	40.0
656	2.15	1516135.3239613823	2	0.15161290322580645	1.9	21.0	40.0
657	0.0	1442309.6794570494	2	0.14423076923076922	1.88	22.0	40.0
658	6.4	2214309.9794438556	2	0.22142857142857145	2.2	14.0	40.0
659	6.8	2084833.5496822465	2	0.20848056537102472	2.17	15.0	40.0
660	7.199999999999999	1971863.2984457586	2	0.1971830985915493	2.16	16.0	40.0
661	7.6000000000000005	1853183.8692294615	2	0.18531468531468534	2.14	17.0	40.0
662	8.0	1736153.0457876967	2	0.1736111111111111	2.12	18.0	40.0
663	6.15	1695529.0158072498	2	0.16955017301038064	2.1100000000000003	19.0	40.0
664	7.6000000000000005	1815105.5141906082	2	0.1815068493150685	2.08	17.0	40.0
665	6.8	2048639.011931753	2	0.2048611111111111	2.12	15.0	40.0
666	7.199999999999999	1931066.8006770397	2	0.1931034482758621	2.1	16.0	40.0
667	7.6000000000000005	1784548.8095298002	2	0.17845117845117847	2.0300000000000002	17.0	40.0
668	4.2	1558456.6391946254	2	0.15584415584415584	1.92	20.0	40.0
669	2.15	1521041.8897762187	2	0.15210355987055016	1.91	21.0	40.0
670	0.0	1446947.324172007	2	0.14469453376205788	1.89	22.0	40.0
671	8.0	1650206.9622592141	2	0.16501650165016502	1.97	18.0	40.0
672	6.15	1596118.503732109	2	0.15960912052117263	1.93	19.0	40.0
673	4.2	1543423.4428199055	2	0.15434083601286172	1.89	20.0	40.0
674	2.15	1506416.5493666101	2	0.15064102564102563	1.88	21.0	40.0
675	0.0	1433123.0074420695	2	0.14331210191082802	1.8599999999999999	22.0	40.0
676	6.8	2034510.661333974	2	0.20344827586206896	2.1	15.0	40.0
677	7.199999999999999	1917840.5388433454	2	0.19178082191780824	2.08	16.0	40.0
678	7.6000000000000005	1802758.1110827713	2	0.18027210884353742	2.06	17.0	40.0
679	7.6000000000000005	1772612.2774081195	2	0.17725752508361203	2.01	17.0	40.0
680	6.15	1622543.8514047686	2	0.16225165562913907	1.98	19.0	40.0
681	4.2	1548402.178823576	2	0.15483870967741933	1.9	20.0	40.0
682	2.15	1511260.3116244546	2	0.15112540192926044	1.89	21.0	40.0
683	0.0	1437701.6682546474	2	0.14376996805111822	1.8699999999999999	22.0	40.0
684	8.0	1634028.8759479704	2	0.16339869281045752	1.94	18.0	40.0
685	6.15	1590936.3900976006	2	0.1590909090909091	1.92	19.0	40.0
686	6.15	1580672.4618021545	2	0.15806451612903225	1.9	19.0	40.0
687	4.2	1528677.504974639	2	0.15286624203821655	1.8599999999999999	20.0	40.0
688	2.15	1492069.786869565	2	0.14920634920634918	1.8499999999999999	21.0	40.0
689	0.0	1419560.349703866	2	0.14195583596214512	1.8299999999999998	22.0	40.0
690	-2.4499999999999997	9.993353338647506	3	0.12397052449068054	2.93	7.0	40.0
691	-3.2	9.969410389993659	3	0.10813148788927335	2.88	8.0	40.0
692	-4.05	9.965517257109045	3	0.09581355200690549	2.83	9.0	40.0
693	-5.0	9.953442377109045	3	0.08616975441619991	2.79	10.0	40.0
694	-4.05	10.001048897685967	3	0.09552495697074012	2.7600000000000002	9.0	40.0
695	-5.0	9.989414247685968	3	0.0859106529209622	2.72	10.0	40.0
696	-5.0	10.020341614609045	3	0.0856898029134533	2.66	10.0	40.0
697	-4.05	10.021405906916737	3	0.09536082474226805	2.72	9.0	40.0
698	-5.0	10.010022816916738	3	0.08576329331046312	2.68	10.0	40.0
699	-5.0	10.041008236147505	3	0.0855431993156544	2.62	10.0	40.0
700	-5.0	10.06171355922443	3	0.08539709649871904	2.58	10.0	40.0
701	-5.0	10.077267949416736	3	0.08528784648187633	2.5500000000000003	10.0	40.0
702	0.0	1.7172135200715068	1	0.03589965397923875	1.8800000000000001	12.0	30.0
703	0.0	1.5925965879224688	1	0.03326133909287257	1.85	13.0	30.0
704	0.0	1.4916085253025932	1	0.030643072939145442	1.83	14.0	30.0
705	0.0	1.390362565112273	1	0.028891763691246228	1.81	15.0	30.0
706	-1.55	1.2955339999999984	1	0.028005170185264973	1.79	16.0	30.0
707	-1.65	1.2074879999999986	1	0.026247848537005163	1.7600000000000002	17.0	30.0
708	-1.75	1.138308999999999	1	0.024516129032258062	1.75	18.0	30.0
709	-1.8499999999999999	1.075418999999999	1	0.023205844434894717	1.73	19.0	30.0
710	0.0	1.5925965879224688	1	0.03320396722725313	1.81	13.0	30.0
711	0.0	1.4916085253025932	1	0.030590262817750968	1.79	14.0	30.0
712	0.0	1.390362565112273	1	0.028842014636246235	1.77	15.0	30.0
713	-1.55	1.2955339999999984	1	0.02794496990541703	1.7400000000000002	16.0	30.0
714	-1.65	1.2074879999999986	1	0.02621400945423292	1.73	17.0	30.0
715	-1.75	1.138308999999999	1	0.0244740231859167	1.71	18.0	30.0
716	-1.8499999999999999	1.075418999999999	1	0.02316602316602317	1.69	19.0	30.0
717	-1.9500000000000002	1.018817999999999	1	0.021869639794168096	1.6800000000000002	20.0	30.0
718	0.0	1.4916085253025932	1	0.03053763440860215	1.75	14.0	30.0
719	0.0	1.390362565112273	1	0.02878006872852234	1.7200000000000002	15.0	30.0
720	-1.55	1.2955339999999984	1	0.027908973808501505	1.71	16.0	30.0
721	-1.65	1.2074879999999986	1	0.02616902616902617	1.69	17.0	30.0
722	-1.75	1.138308999999999	1	0.0244320617231033	1.67	18.0	30.0
723	-1.8499999999999999	1.075418999999999	1	0.023136246786632394	1.6600000000000001	19.0	30.0
724	-1.9500000000000002	1.018817999999999	1	0.02183219178082192	1.6400000000000001	20.0	30.0
725	-2.0500000000000003	0.9622169999999991	1	0.020967051775780916	1.6300000000000001	21.0	30.0
726	0.0	1.390362565112273	1	0.028755364806866954	1.7000000000000002	15.0	30.0
727	-1.55	1.2955339999999984	1	0.027873070325900515	1.6800000000000002	16.0	30.0
728	-1.65	1.2074879999999986	1	0.026135389888603255	1.6600000000000001	17.0	30.0
729	-1.75	1.138308999999999	1	0.024411134903640254	1.6500000000000001	18.0	30.0
730	-1.8499999999999999	1.0754189999999988	1	0.023106546854942234	1.6300000000000001	19.0	30.0
731	-1.9500000000000002	1.0188179999999991	1	0.021813515825491875	1.62	20.0	30.0
732	-2.0500000000000003	0.962216999999999	1	0.020940170940170942	1.6	21.0	30.0
733	-2.15	0.9119049999999991	1	0.020076890217855616	1.59	22.0	30.0
734	-1.65	1.2074879999999986	1	0.02610183996576808	1.6300000000000001	17.0	30.0
735	-1.75	1.138308999999999	1	0.024369388627618636	1.61	18.0	30.0
736	-1.8499999999999999	1.075418999999999	1	0.023076923076923078	1.6	19.0	30.0
737	-1.9500000000000002	1.0188179999999991	1	0.021776259607173356	1.58	20.0	30.0
738	-2.0500000000000003	0.9622169999999991	1	0.020913358941527956	1.57	21.0	30.0
739	-2.15	0.9119049999999991	1	0.020051194539249143	1.56	22.0	30.0
740	-1.75	1.1383089999999987	1	0.02434856898761213	1.59	18.0	30.0
741	-1.8499999999999999	1.075418999999999	1	0.023047375160051217	1.57	19.0	30.0
742	-1.9500000000000002	1.0188179999999991	1	0.02175767918088737	1.56	20.0	30.0
743	-2.0500000000000003	0.9622169999999992	1	0.020895522388059702	1.55	21.0	30.0
744	-2.15	0.9119049999999993	1	0.020034100596760442	1.54	22.0	30.0
745	-1.8499999999999999	1.075418999999999	1	0.023017902813299233	1.54	19.0	30.0
746	-1.9500000000000002	1.0188179999999991	1	0.021729867916489138	1.53	20.0	30.0
747	-2.0500000000000003	0.9622169999999991	1	0.020868824531516183	1.52	21.0	30.0
748	-2.15	0.9119049999999991	1	0.020008514261387826	1.51	22.0	30.0
749	-1.9500000000000002	1.0188179999999991	1	0.021711366538952746	1.51	20.0	30.0
750	-2.0500000000000003	0.9622169999999993	1	0.020851063829787235	1.5	21.0	30.0
751	-2.15	0.9119049999999991	1	0.01998299319727891	1.48	22.0	30.0
752	0.0	1.4916085253025932	1	0.030498281786941576	1.7200000000000002	14.0	30.0
753	0.0	1.390362565112273	1	0.028743028743028746	1.69	15.0	30.0
754	-1.75	1.138308999999999	1	0.024400684931506846	1.6400000000000001	18.0	30.0
755	-1.9500000000000002	1.0188179999999991	1	0.021804189824711415	1.61	20.0	30.0
756	0.0	1.390362565112273	1	0.028706083976006855	1.6600000000000001	15.0	30.0
757	-1.55	1.2955339999999984	1	0.027825342465753425	1.6400000000000001	16.0	30.0
758	-1.65	1.2074879999999988	1	0.026090675791274595	1.62	17.0	30.0
759	-1.8499999999999999	1.075418999999999	1	0.02306706535668518	1.59	19.0	30.0
760	-2.0500000000000003	0.9622169999999991	1	0.020904436860068258	1.56	21.0	30.0
761	-2.15	0.9119049999999991	1	0.020042643923240937	1.55	22.0	30.0
762	-1.65	1.2074879999999986	1	0.02606837606837607	1.6	17.0	30.0
763	-1.75	1.138308999999999	1	0.024338172502134922	1.58	18.0	30.0
764	-1.9500000000000002	1.0188179999999991	1	0.021748400852878467	1.55	20.0	30.0
765	-2.0500000000000003	0.9622169999999991	1	0.020886615515771523	1.54	21.0	30.0
766	-2.15	0.9119049999999993	1	0.020025564550489986	1.53	22.0	30.0
767	-1.75	1.138308999999999	1	0.024307036247334754	1.55	18.0	30.0
768	-1.8499999999999999	1.075418999999999	1	0.0230080954409885	1.53	19.0	30.0
769	-1.9500000000000002	1.0188179999999991	1	0.0217206132879046	1.52	20.0	30.0
770	-2.0500000000000003	0.9622169999999991	1	0.020859940400170286	1.51	21.0	30.0
771	-2.15	0.9119049999999991	1	0.02	1.5	22.0	30.0
772	-1.8499999999999999	1.0754189999999988	1	0.02298850574712644	1.51	19.0	30.0
773	-1.9500000000000002	1.0188179999999991	1	0.02170212765957447	1.5	20.0	30.0
774	-2.0500000000000003	0.9622169999999993	1	0.02084219481071884	1.49	21.0	30.0
775	-1.9500000000000002	1.018817999999999	1	0.021683673469387755	1.48	20.0	30.0
776	-2.0500000000000003	0.9622169999999992	1	0.020824479388015297	1.47	21.0	30.0
777	-2.15	0.9119049999999991	1	0.019957537154989383	1.45	22.0	30.0
778	0.0	1.390362565112273	1	0.028681506849315072	1.6400000000000001	15.0	30.0
779	-1.55	1.2955339999999984	1	0.027801539777587685	1.62	16.0	30.0
780	-1.65	1.2074879999999986	1	0.026034997865983782	1.57	17.0	30.0
781	-1.75	1.138308999999999	1	0.024286322965487855	1.53	18.0	30.0
782	-1.8499999999999999	1.0754189999999992	1	0.022968949383241174	1.49	19.0	30.0
783	-2.15	0.9119049999999991	1	0.019966015293118096	1.46	22.0	30.0
784	-1.9500000000000002	1.0188179999999991	1	0.021665250637213255	1.46	20.0	30.0
785	-2.0500000000000003	0.9622169999999991	1	0.020806794055201697	1.45	21.0	30.0
786	-2.15	0.9119049999999991	1	0.019940602460755196	1.43	22.0	30.0
787	-1.65	1.2074879999999986	1	0.026012793176972283	1.55	17.0	30.0
788	-1.8499999999999999	1.075418999999999	1	0.022998296422487224	1.52	19.0	30.0
789	-1.75	1.138308999999999	1	0.024265644955300127	1.51	18.0	30.0
790	-1.8499999999999999	1.075418999999999	1	0.022949426264343393	1.47	19.0	30.0
791	-2.15	0.9119049999999991	1	0.019949066213921902	1.44	22.0	30.0
792	-1.9500000000000002	1.0188179999999991	1	0.021646859083191854	1.44	20.0	30.0
793	-2.0500000000000003	0.9622169999999991	1	0.02078913873568095	1.43	21.0	30.0
794	-2.15	0.9119049999999991	1	0.01992369648155998	1.41	22.0	30.0
795	-1.75	1.1383089999999987	1	0.02424500212675457	1.49	18.0	30.0
796	-1.8499999999999999	1.075418999999999	1	0.022929936305732486	1.45	19.0	30.0
797	-2.15	0.9119049999999991	1	0.01993214588634436	1.42	22.0	30.0
798	-1.9500000000000002	1.0188179999999991	1	0.02161933022467147	1.41	20.0	30.0
799	-2.0500000000000003	0.962216999999999	1	0.02076271186440678	1.4	21.0	30.0
800	-2.15	0.9119049999999991	1	0.01989839119390347	1.38	22.0	30.0
801	-2.2	2916674.5922015137	2	0.2916666666666667	1.8800000000000001	12.0	30.0
802	-3.45	2761912.8449286898	2	0.2761904761904762	1.85	13.0	30.0
803	-4.8	2618304.7636072524	2	0.2618296529968454	1.83	14.0	30.0
804	6.8	3385627.899684326	2	0.18495297805642633	1.81	15.0	30.0
805	7.199999999999999	3239918.0784646096	2	0.17445482866043616	1.79	16.0	30.0
806	7.6000000000000005	3086460.0683658873	2	0.16358024691358028	1.7600000000000002	17.0	30.0
807	8.0	2923118.67929533	2	0.15384615384615385	1.75	18.0	30.0
808	6.15	2874644.8848740547	2	0.14984709480122324	1.73	19.0	30.0
809	-3.45	2727280.851168281	2	0.2727272727272727	1.81	13.0	30.0
810	-4.8	2585678.0540753133	2	0.2585669781931464	1.79	14.0	30.0
811	6.8	3343701.2808941556	2	0.1826625386996904	1.77	15.0	30.0
812	7.199999999999999	3190226.7846578853	2	0.1717791411042945	1.7400000000000002	16.0	30.0
813	7.6000000000000005	3058144.303766759	2	0.16207951070336393	1.73	17.0	30.0
814	8.0	2887579.7582450043	2	0.1519756838905775	1.71	18.0	30.0
815	6.15	2839906.3098396533	2	0.14803625377643503	1.69	19.0	30.0
816	4.2	2801219.7960098833	2	0.14457831325301204	1.6800000000000002	20.0	30.0
817	-4.8	2553854.463547237	2	0.2553846153846154	1.75	14.0	30.0
818	6.8	3292731.0393009223	2	0.1798780487804878	1.7200000000000002	15.0	30.0
819	7.199999999999999	3161136.9877363807	2	0.17021276595744683	1.71	16.0	30.0
820	7.6000000000000005	3021188.381389649	2	0.16012084592145015	1.69	17.0	30.0
821	8.0	2852894.6250877804	2	0.15015015015015015	1.67	18.0	30.0
822	6.15	2814398.419039693	2	0.1467065868263473	1.6600000000000001	19.0	30.0
823	4.2	2767872.127131774	2	0.14285714285714285	1.6400000000000001	20.0	30.0
824	2.15	2729976.5595576256	2	0.13946587537091987	1.6300000000000001	21.0	30.0
825	6.8	3272775.417440784	2	0.1787878787878788	1.7000000000000002	15.0	30.0
826	7.199999999999999	3132572.9100363487	2	0.16867469879518074	1.6800000000000002	16.0	30.0
827	7.6000000000000005	2994052.333596278	2	0.15868263473053892	1.6600000000000001	17.0	30.0
828	8.0	2835862.6716419193	2	0.1492537313432836	1.6500000000000001	18.0	30.0
829	6.15	2789344.6746634706	2	0.14540059347181009	1.6300000000000001	19.0	30.0
830	4.2	2751494.277919448	2	0.14201183431952663	1.62	20.0	30.0
831	2.15	2705888.591513138	2	0.13823529411764707	1.6	21.0	30.0
832	0.0	2639298.196829291	2	0.13196480938416422	1.59	22.0	30.0
833	7.6000000000000005	2967399.4201849834	2	0.1572700296735905	1.6300000000000001	17.0	30.0
834	8.0	2802401.6657571304	2	0.1474926253687316	1.61	18.0	30.0
835	6.15	2764733.0551880053	2	0.14411764705882352	1.6	19.0	30.0
836	4.2	2719313.2408706667	2	0.14035087719298245	1.58	20.0	30.0
837	2.15	2682221.9873411483	2	0.1370262390670554	1.57	21.0	30.0
838	0.0	2616281.0840490274	2	0.1308139534883721	1.56	22.0	30.0
839	8.0	2785965.541165628	2	0.14662756598240467	1.59	18.0	30.0
840	6.15	2740551.959668379	2	0.14285714285714288	1.57	19.0	30.0
841	4.2	2703503.37092519	2	0.13953488372093023	1.56	20.0	30.0
842	2.15	2666672.914068729	2	0.136231884057971	1.55	21.0	30.0
843	0.0	2601158.0870199907	2	0.1300578034682081	1.54	22.0	30.0
844	6.15	2716790.189504584	2	0.1416184971098266	1.54	19.0	30.0
845	4.2	2680130.2778934045	2	0.138328530259366	1.53	20.0	30.0
846	2.15	2643684.413497869	2	0.13505747126436782	1.52	21.0	30.0
847	0.0	2578798.5842492655	2	0.12893982808022922	1.51	22.0	30.0
848	4.2	2664771.4545831196	2	0.13753581661891115	1.51	20.0	30.0
849	2.15	2628577.6845513037	2	0.13428571428571429	1.5	21.0	30.0
850	0.0	2556820.2093666783	2	0.1278409090909091	1.48	22.0	30.0
851	-4.8	2530496.142145913	2	0.2530487804878049	1.7200000000000002	14.0	30.0
852	6.8	3262888.039842407	2	0.1782477341389728	1.69	15.0	30.0
853	8.0	2827422.730425443	2	0.1488095238095238	1.6400000000000001	18.0	30.0
854	4.2	2743377.8216726314	2	0.1415929203539823	1.61	20.0	30.0
855	6.8	3233581.1421705727	2	0.17664670658682635	1.6600000000000001	15.0	30.0
856	7.199999999999999	3095280.9197057514	2	0.16666666666666669	1.6400000000000001	16.0	30.0
857	7.6000000000000005	2958620.2554124277	2	0.15680473372781067	1.62	17.0	30.0
858	6.15	2756625.415145745	2	0.14369501466275658	1.59	19.0	30.0
859	2.15	2674424.8503077403	2	0.13662790697674418	1.56	21.0	30.0
860	0.0	2608697.66814751	2	0.13043478260869565	1.55	22.0	30.0
861	7.6000000000000005	2941216.8523044777	2	0.15588235294117647	1.6	17.0	30.0
862	8.0	2777819.5671356297	2	0.14619883040935672	1.58	18.0	30.0
863	4.2	2695667.174517432	2	0.13913043478260867	1.55	20.0	30.0
864	2.15	2658965.7867097124	2	0.13583815028901733	1.54	21.0	30.0
865	0.0	2593661.9616914764	2	0.12968299711815562	1.53	22.0	30.0
866	8.0	2753664.9832727644	2	0.14492753623188406	1.55	18.0	30.0
867	6.15	2708960.903081739	2	0.14121037463976946	1.53	19.0	30.0
868	4.2	2672428.798963391	2	0.13793103448275862	1.52	20.0	30.0
869	2.15	2636109.4061464393	2	0.13467048710601717	1.51	21.0	30.0
870	0.0	2571430.595717198	2	0.1285714285714286	1.5	22.0	30.0
871	6.15	2693436.9311487623	2	0.14040114613180515	1.51	19.0	30.0
872	4.2	2657157.86645645	2	0.13714285714285715	1.5	20.0	30.0
873	2.15	2621088.878748733	2	0.1339031339031339	1.49	21.0	30.0
874	4.2	2642060.467273451	2	0.13636363636363635	1.48	20.0	30.0
875	2.15	2606238.5556274876	2	0.13314447592067988	1.47	21.0	30.0
876	0.0	2535213.2999750637	2	0.1267605633802817	1.45	22.0	30.0
877	6.8	3214333.9534218074	2	0.17559523809523808	1.6400000000000001	15.0	30.0
878	7.199999999999999	3076965.91853747	2	0.16568047337278108	1.62	16.0	30.0
879	7.6000000000000005	2915492.2885268372	2	0.1545189504373178	1.57	17.0	30.0
880	8.0	2737793.9598700744	2	0.1440922190201729	1.53	18.0	30.0
881	6.15	2678089.870576846	2	0.1396011396011396	1.49	19.0	30.0
882	0.0	2542374.912127463	2	0.1271186440677966	1.46	22.0	30.0
883	4.2	2627133.660171617	2	0.13559322033898305	1.46	20.0	30.0
884	2.15	2591555.560090707	2	0.1323943661971831	1.45	21.0	30.0
885	0.0	2521010.4388997173	2	0.12605042016806722	1.43	22.0	30.0
886	7.6000000000000005	2898591.1258516726	2	0.1536231884057971	1.55	17.0	30.0
887	6.15	2701176.6125578755	2	0.14080459770114942	1.52	19.0	30.0
888	8.0	2722104.8393144063	2	0.14326647564469913	1.51	18.0	30.0
889	6.15	2662916.7143740156	2	0.13881019830028327	1.47	19.0	30.0
890	0.0	2528091.9215988014	2	0.12640449438202248	1.44	22.0	30.0
891	4.2	2612374.57000351	2	0.1348314606741573	1.44	20.0	30.0
892	2.15	2577037.079910081	2	0.13165266106442575	1.43	21.0	30.0
893	0.0	2506965.826972842	2	0.12534818941504178	1.41	22.0	30.0
894	8.0	2706594.5121553848	2	0.14245014245014245	1.49	18.0	30.0
895	6.15	2647914.5233115	2	0.13802816901408452	1.45	19.0	30.0
896	0.0	2513968.517556494	2	0.12569832402234637	1.42	22.0	30.0
897	4.2	2590544.2722896812	2	0.13370473537604458	1.41	20.0	30.0
898	2.15	2555561.8279762384	2	0.13055555555555554	1.4	21.0	30.0
899	0.0	2486189.888611402	2	0.12430939226519337	1.38	22.0	30.0
900	-2.2	10.194484516953198	3	0.037728026533996685	1.8800000000000001	12.0	30.0
901	-3.45	10.218674750332426	3	0.0360248447204969	1.85	13.0	30.0
902	-4.8	10.244245186907838	3	0.034340091021928004	1.83	14.0	30.0
903	-4.05	96940.4151786822	3	0.03059115336916081	1.81	15.0	30.0
904	-4.35	97149.42394865675	3	0.02850061957868649	1.79	16.0	30.0
905	-4.65	97317.93713003054	3	0.026815181518151817	1.7600000000000002	17.0	30.0
906	-4.95	97483.96104116207	3	0.02515463917525773	1.75	18.0	30.0
907	-3.5999999999999996	97692.01160196993	3	0.023073753605274003	1.73	19.0	30.0
908	-3.45	10.239057370190043	3	0.03596527490698635	1.81	13.0	30.0
909	-4.8	10.264695783714002	3	0.034283353985956215	1.79	14.0	30.0
910	-4.05	96945.46519966003	3	0.030540652084193147	1.77	15.0	30.0
911	-4.35	97155.2978227362	3	0.028441879637262985	1.7400000000000002	16.0	30.0
912	-4.65	97321.25167312814	3	0.026782035434693038	1.73	17.0	30.0
913	-4.95	97488.10334877647	3	0.025113215314944422	1.71	18.0	30.0
914	-3.5999999999999996	97695.8081207573	3	0.0230357877416701	1.69	19.0	30.0
915	-3.8000000000000003	97820.08854037213	3	0.02179276315789474	1.6800000000000002	20.0	30.0
916	-4.8	10.285184470087566	3	0.03422680412371134	1.75	14.0	30.0
917	-4.05	96951.75432689713	3	0.030477759472817133	1.7200000000000002	15.0	30.0
918	-4.35	97158.81053969289	3	0.02840675174969123	1.71	16.0	30.0
919	-4.65	97325.65833840641	3	0.026737967914438505	1.69	17.0	30.0
920	-4.95	97492.23203597945	3	0.02507192766132347	1.67	18.0	30.0
921	-3.5999999999999996	97698.64732097207	3	0.023007395234182416	1.6600000000000001	19.0	30.0
922	-3.8000000000000003	97823.66692869336	3	0.02175697865353038	1.6400000000000001	20.0	30.0
923	-4.0	97947.64008711817	3	0.02051702913418137	1.6300000000000001	21.0	30.0
924	-4.05	96954.26273106101	3	0.03045267489711934	1.7000000000000002	15.0	30.0
925	-4.35	97162.31459040707	3	0.028371710526315787	1.6800000000000002	16.0	30.0
926	-4.65	97328.95383243795	3	0.026705012325390305	1.6600000000000001	17.0	30.0
927	-4.95	97494.29129290266	3	0.025051334702258725	1.6500000000000001	18.0	30.0
928	-3.5999999999999996	97701.47953095242	3	0.022979072630283138	1.6300000000000001	19.0	30.0
929	-3.8000000000000003	97825.45171958696	3	0.02173913043478261	1.62	20.0	30.0
930	-4.0	97950.16262983196	3	0.020491803278688527	1.6	21.0	30.0
931	-4.2	98032.92102198402	3	0.019664072101597704	1.59	22.0	30.0
932	-4.65	97332.24121281986	3	0.026672137874435783	1.6300000000000001	17.0	30.0
933	-4.95	97498.39967510373	3	0.025010250102501023	1.61	18.0	30.0
934	-3.5999999999999996	97704.30477648196	3	0.02295081967213115	1.6	19.0	30.0
935	-3.8000000000000003	97829.01253090294	3	0.021703521703521703	1.58	20.0	30.0
936	-4.0	97952.67897718912	3	0.020466639377814164	1.57	21.0	30.0
937	-4.2	98035.33473871196	3	0.01963993453355155	1.56	22.0	30.0
938	-4.95	97500.44881698402	3	0.02498975829578042	1.59	18.0	30.0
939	-3.5999999999999996	97707.12308321778	3	0.022922636103151865	1.57	19.0	30.0
940	-3.8000000000000003	97830.78856567961	3	0.021685761047463174	1.56	20.0	30.0
941	-4.0	97954.3531114908	3	0.02044989775051125	1.55	21.0	30.0
942	-4.2	98036.94059385856	3	0.0196238757154538	1.54	22.0	30.0
943	-3.5999999999999996	97709.93447669093	3	0.02289452166802944	1.54	19.0	30.0
944	-3.8000000000000003	97833.44717433797	3	0.021659174499387007	1.53	20.0	30.0
945	-4.0	97956.85918385538	3	0.02042483660130719	1.52	21.0	30.0
946	-4.2	98039.34445868802	3	0.019599836668027767	1.51	22.0	30.0
947	-3.8000000000000003	97835.21596147856	3	0.02164148632094733	1.51	20.0	30.0
948	-4.0	97958.52648914285	3	0.02040816326530612	1.5	21.0	30.0
949	-4.2	98041.74244130342	3	0.01957585644371941	1.48	22.0	30.0
950	-4.8	10.300575982965807	3	0.03418451400329489	1.7200000000000002	14.0	30.0
951	-4.05	96955.51538538224	3	0.030440148087206912	1.69	15.0	30.0
952	-4.95	97495.31965334894	3	0.02504105090311987	1.6400000000000001	18.0	30.0
953	-3.8000000000000003	97826.34301737638	3	0.021730217302173022	1.61	20.0	30.0
954	-4.05	96959.26717256459	3	0.03040262941659819	1.6600000000000001	15.0	30.0
955	-4.35	97166.97323254433	3	0.02832512315270936	1.6400000000000001	16.0	30.0
956	-4.65	97333.3352084241	3	0.026661197703035277	1.62	17.0	30.0
957	-3.5999999999999996	97705.24498177429	3	0.022941417451863993	1.59	19.0	30.0
958	-4.0	97953.51638683879	3	0.0204582651391162	1.56	21.0	30.0
959	-4.2	98036.13799468099	3	0.0196319018404908	1.55	22.0	30.0
960	-4.65	97335.5205094795	3	0.026639344262295084	1.6	17.0	30.0
961	-4.95	97501.47212923752	3	0.024979524979524978	1.58	18.0	30.0
962	-3.8000000000000003	97831.67549347608	3	0.021676891615541923	1.55	20.0	30.0
963	-4.0	97955.18915198528	3	0.02044153720359771	1.54	21.0	30.0
964	-4.2	98037.74253704985	3	0.01961585615038823	1.53	22.0	30.0
965	-4.95	97504.53704360656	3	0.024948875255623722	1.55	18.0	30.0
966	-3.5999999999999996	97710.87007596281	3	0.022885165508786273	1.53	19.0	30.0
967	-3.8000000000000003	97834.33192918015	3	0.02165032679738562	1.52	20.0	30.0
968	-4.0	97957.69317690445	3	0.020416496529195593	1.51	21.0	30.0
969	-4.2	98040.14443873877	3	0.019591836734693877	1.5	22.0	30.0
970	-3.5999999999999996	97712.73898230748	3	0.022866476112699066	1.51	19.0	30.0
971	-3.8000000000000003	97836.09927211795	3	0.021632653061224492	1.5	20.0	30.0
972	-4.0	97959.35912140392	3	0.02039983680130559	1.49	21.0	30.0
973	-3.8000000000000003	97837.86373195145	3	0.021615008156606854	1.48	20.0	30.0
974	-4.0	97961.02234932042	3	0.020383204239706482	1.47	21.0	30.0
975	-4.2	98044.13456326885	3	0.01955193482688391	1.45	22.0	30.0
976	-4.05	96961.7632302111	3	0.030377668308702793	1.6400000000000001	15.0	30.0
977	-4.35	97169.29682107546	3	0.02830188679245283	1.62	16.0	30.0
978	-4.65	97338.7917521973	3	0.026606631191158414	1.57	17.0	30.0
979	-4.95	97506.57614478873	3	0.024928483857785042	1.53	18.0	30.0
980	-3.5999999999999996	97714.60483862138	3	0.02284781721746226	1.49	19.0	30.0
981	-4.2	98043.33783913692	3	0.019559902200488997	1.46	22.0	30.0
982	-3.8000000000000003	97839.62531572983	3	0.021597392013039937	1.46	20.0	30.0
983	-4.0	97962.68286729328	3	0.020366598778004074	1.45	21.0	30.0
984	-4.2	98045.7260659304	3	0.019536019536019536	1.43	22.0	30.0
985	-4.65	97340.96812090388	3	0.026584867075664622	1.55	17.0	30.0
986	-3.5999999999999996	97711.80491085621	3	0.022875816993464054	1.52	19.0	30.0
987	-4.95	97508.61191546672	3	0.02490812576561862	1.51	18.0	30.0
988	-3.5999999999999996	97716.46765236487	3	0.02282918874847126	1.47	19.0	30.0
989	-4.2	98044.9306386026	3	0.01954397394136808	1.44	22.0	30.0
990	-3.8000000000000003	97841.38403047924	3	0.02157980456026059	1.44	20.0	30.0
991	-4.0	97964.34068194016	3	0.02035002035002035	1.43	21.0	30.0
992	-4.2	98047.31497973038	3	0.019520130134200894	1.41	22.0	30.0
993	-4.95	97510.64436379356	3	0.024887800897592818	1.49	18.0	30.0
994	-3.5999999999999996	97718.32743097394	3	0.022810590631364563	1.45	19.0	30.0
995	-4.2	98046.52084604312	3	0.01952807160292921	1.42	22.0	30.0
996	-3.8000000000000003	97844.0167384876	3	0.021553477023180157	1.41	20.0	30.0
997	-4.0	97966.82234959755	3	0.02032520325203252	1.4	21.0	30.0
998	-4.2	98049.69351011617	3	0.019496344435418356	1.38	22.0	30.0
999	0.0	1.8876871302245473	1	0.028080469404861697	1.1400000000000001	15.0	20.0
1000	0.0	1.7743976730100597	1	0.02596314907872697	1.12	16.0	20.0
1001	0.0	1.6677282851165682	1	0.024686192468619247	1.1	17.0	20.0
1002	-1.75	1.565960999999998	1	0.023839397741530738	1.09	18.0	20.0
1003	-1.8499999999999999	1.4779149999999985	1	0.022565816966151276	1.07	19.0	20.0
1004	-1.9500000000000002	1.3961579999999987	1	0.021303258145363407	1.06	20.0	20.0
1005	-2.0500000000000003	1.3206899999999988	1	0.02045075125208681	1.04	21.0	20.0
1006	-2.15	1.251510999999999	1	0.0196078431372549	1.03	22.0	20.0
1007	0.0	1.6677282851165682	1	0.02465524446301713	1.07	17.0	20.0
1008	-1.75	1.5659609999999984	1	0.02379958246346555	1.05	18.0	20.0
1009	-1.8499999999999999	1.4779149999999985	1	0.022537562604340568	1.04	19.0	20.0
1010	-1.9500000000000002	1.3961579999999985	1	0.021267723102585488	1.02	20.0	20.0
1011	-2.0500000000000003	1.3206899999999988	1	0.020425177157148814	1.01	21.0	20.0
1012	-2.15	1.251510999999999	1	0.01958333333333333	1.0	22.0	20.0
1013	-1.75	1.5659609999999982	1	0.023779724655819772	1.03	18.0	20.0
1014	-1.8499999999999999	1.4779149999999983	1	0.022509378907878286	1.01	19.0	20.0
1015	-1.9500000000000002	1.3961579999999985	1	0.02125	1.0	20.0	20.0
1016	-2.0500000000000003	1.3206899999999986	1	0.02040816326530612	0.99	21.0	20.0
1017	-2.15	1.251510999999999	1	0.019567027477102414	0.98	22.0	20.0
1018	-1.8499999999999999	1.4779149999999985	1	0.022490628904623073	0.99	19.0	20.0
1019	-1.9500000000000002	1.396157999999999	1	0.021232306411323898	0.98	20.0	20.0
1020	-2.0500000000000003	1.3206899999999988	1	0.02039117769454848	0.97	21.0	20.0
1021	-2.15	1.251510999999999	1	0.019550748752079867	0.96	22.0	20.0
1022	-1.9500000000000002	1.3961579999999987	1	0.021214642262895177	0.96	20.0	20.0
1023	-2.0500000000000003	1.3206899999999988	1	0.020374220374220372	0.95	21.0	20.0
1024	-2.15	1.2515109999999987	1	0.019526381387619442	0.9299999999999999	22.0	20.0
1025	-1.45	2150269.761207232	2	0.17875647668393782	1.1400000000000001	15.0	20.0
1026	-3.0	2139185.901771486	2	0.17268041237113405	1.12	16.0	20.0
1027	-4.65	2128215.7228163313	2	0.16666666666666669	1.1	17.0	20.0
1028	8.0	3580604.5339921233	2	0.1278772378516624	1.09	18.0	20.0
1029	6.15	3536922.9404275357	2	0.12468193384223919	1.07	19.0	20.0
1030	4.2	3502553.158232079	2	0.12182741116751268	1.06	20.0	20.0
1031	2.15	3459602.298236133	2	0.11868686868686869	1.04	21.0	20.0
1032	0.0	3400505.8876334717	2	0.11335012594458439	1.03	22.0	20.0
1033	-4.65	2111969.890780826	2	0.16539440203562342	1.07	17.0	20.0
1034	8.0	3544345.6814739904	2	0.12658227848101264	1.05	18.0	20.0
1035	6.15	3510128.283497765	2	0.12373737373737374	1.04	19.0	20.0
1036	4.2	3467351.7801108435	2	0.12060301507537688	1.02	20.0	20.0
1037	2.15	3433590.3055634513	2	0.11779448621553884	1.01	21.0	20.0
1038	0.0	3375002.1161483163	2	0.1125	1.0	22.0	20.0
1039	8.0	3526490.2515815604	2	0.12594458438287154	1.03	18.0	20.0
1040	6.15	3483736.553739871	2	0.12280701754385964	1.01	19.0	20.0
1041	4.2	3450015.101386135	2	0.12	1.0	20.0	20.0
1042	2.15	3416465.2031555013	2	0.1172069825436409	0.99	21.0	20.0
1043	0.0	3358211.0758836293	2	0.1119402985074627	0.98	22.0	20.0
1044	6.15	3466361.4498593616	2	0.12219451371571073	0.99	19.0	20.0
1045	4.2	3432850.9269273435	2	0.11940298507462688	0.98	20.0	20.0
1046	2.15	3399510.076950111	2	0.11662531017369726	0.97	21.0	20.0
1047	0.0	3341586.283542354	2	0.11138613861386139	0.96	22.0	20.0
1048	4.2	3415856.6947899265	2	0.1188118811881188	0.96	20.0	20.0
1049	2.15	3382722.408781318	2	0.11604938271604938	0.95	21.0	20.0
1050	0.0	3316955.448697665	2	0.11056511056511056	0.9299999999999999	22.0	20.0
1051	-4.05	10.40753018961239	3	0.029766693483507644	1.1400000000000001	15.0	20.0
1052	-4.35	10.426916044636801	3	0.027733118971061094	1.12	16.0	20.0
1053	-4.65	10.458129290806031	3	0.026104417670682733	1.1	17.0	20.0
1054	-4.95	94580.4428753652	3	0.02448815736651947	1.09	18.0	20.0
1055	-3.5999999999999996	95146.25020906741	3	0.0224628961091055	1.07	19.0	20.0
1056	-3.8000000000000003	95428.81776281756	3	0.021251002405773857	1.06	20.0	20.0
1057	-4.0	95752.93376233653	3	0.02003205128205128	1.04	21.0	20.0
1058	-4.2	95954.8381512519	3	0.01922306768121746	1.03	22.0	20.0
1059	-4.65	10.473395735573865	3	0.026073004412354595	1.07	17.0	20.0
1060	-4.95	94589.13129195939	3	0.024448897795591184	1.05	18.0	20.0
1061	-3.5999999999999996	95152.08374053604	3	0.022435897435897436	1.04	19.0	20.0
1062	-3.8000000000000003	95436.13703680506	3	0.02121697357886309	1.02	20.0	20.0
1063	-4.0	95758.03186593036	3	0.020008003201280513	1.01	21.0	20.0
1064	-4.2	95959.69189260359	3	0.0192	1.0	22.0	20.0
1065	-4.95	94593.46506163024	3	0.024429315178213857	1.03	18.0	20.0
1066	-3.5999999999999996	95157.90326592678	3	0.022408963585434177	1.01	19.0	20.0
1067	-3.8000000000000003	95439.78789067	3	0.0212	1.0	20.0	20.0
1068	-4.0	95761.42380690604	3	0.01999200319872051	0.99	21.0	20.0
1069	-4.2	95962.92125368946	3	0.019184652278177457	0.98	22.0	20.0
1070	-3.5999999999999996	95161.7751932559	3	0.022391043582566973	0.99	19.0	20.0
1071	-3.8000000000000003	95443.43290783813	3	0.021183053557154278	0.98	20.0	20.0
1072	-4.0	95764.81032728085	3	0.01997602876548142	0.97	21.0	20.0
1073	-4.2	95966.14545605153	3	0.019169329073482427	0.96	22.0	20.0
1074	-3.8000000000000003	95447.07210229513	3	0.021166134185303515	0.96	20.0	20.0
1075	-4.0	95768.19144003832	3	0.01996007984031936	0.95	21.0	20.0
1076	-4.2	95970.97211399522	3	0.019146390107698443	0.9299999999999999	22.0	20.0
1077	0.0	2.0154514111578448	1	0.022885165508786273	0.53	18.0	10.0
1078	-1.8499999999999999	1.905566999999998	1	0.02204981625153124	0.51	19.0	10.0
1079	-1.9500000000000002	1.7986539999999978	1	0.020816326530612245	0.5	20.0	10.0
1080	-2.0500000000000003	1.6980299999999988	1	0.019991840065279477	0.49	21.0	10.0
1081	-2.15	1.6099839999999985	1	0.019168026101141926	0.48	22.0	10.0
1082	-1.75	1856835.3677614601	2	0.12751677852348992	0.53	18.0	10.0
1083	-3.5999999999999996	1848564.4098805173	2	0.12472160356347439	0.51	19.0	10.0
1084	4.2	4066681.8915994996	2	0.10666666666666666	0.5	20.0	10.0
1085	2.15	4035483.192595413	2	0.10421286031042129	0.49	21.0	10.0
1086	0.0	3982303.1298318403	2	0.09955752212389382	0.48	22.0	10.0
1087	-4.95	10.580822122622733	3	0.023949744797801334	0.53	18.0	10.0
1088	-3.5999999999999996	10.625835507160524	3	0.021969399764613578	0.51	19.0	10.0
1089	-3.8000000000000003	92627.76438283283	3	0.020784313725490198	0.5	20.0	10.0
1090	-4.0	93296.9266063481	3	0.01960015680125441	0.49	21.0	10.0
1091	-4.2	93652.15120985384	3	0.018808777429467086	0.48	22.0	10.0
1092	-1.9500000000000002	2.226305999999998	1	0.0204	0.0	20.0	0.0
1093	-1.9500000000000002	1660013.1597511945	2	0.10200000000000001	0.0	20.0	0.0
1094	-3.8000000000000003	10.733248335042873	3	0.020384615384615386	0.0	20.0	0.0
