	x	v	t	best_action	h	prob_change	init_light
0	40.0	12.0	2.3493076124655072	2.5999999999999996	0.44859203296703304	0.0339605852249402	1
1	40.0	13.0	2.3228525860104807	1.35	0.42122602513227514	0.032664634895118165	1
2	40.0	14.0	2.2982220441385595	0.0	0.3928571428571429	0.03146386664843978	1
3	40.0	15.0	2.275233538391433	0.0	0.36666666666666664	0.029336568443637894	1
4	40.0	16.0	2.253728162047347	0.0	0.34375	0.027477030277866184	1
5	40.0	17.0	2.2335668717247663	0.0	0.3235294117647059	0.025837832865749897	1
6	40.0	18.0	2.2146274777853723	0.0	0.3055555555555556	0.024382114227621952	1
7	40.0	19.0	2.1968021658424135	0.0	0.2894736842105263	0.023080788637692744	1
8	40.0	13.0	2.2803967321956007	1.35	0.42122602513227514	0.03260359487836802	1
9	40.0	14.0	2.257408226448474	0.0	0.3928571428571429	0.03140740164524222	1
10	40.0	15.0	2.235902850104388	0.0	0.36666666666666664	0.029285882162461415	1
11	40.0	16.0	2.2157415597818075	0.0	0.34375	0.027431219744978225	1
12	40.0	17.0	2.1968021658424135	0.0	0.3235294117647059	0.02579617553624483	1
13	40.0	18.0	2.1789768538994547	0.0	0.3055555555555556	0.02434402489313824	1
14	40.0	19.0	2.162170131210379	0.0	0.2894736842105263	0.0230457881724109	1
15	40.0	20.0	2.1462971153373633	0.0	0.275	0.021878292656703578	1
16	40.0	14.0	2.2190961274153125	0.0	0.3928571428571429	0.03135458181469744	1
17	40.0	15.0	2.1989348370927315	0.0	0.36666666666666664	0.029238400131902556	1
18	40.0	16.0	2.179995443153338	0.0	0.34375	0.027388250446798525	1
19	40.0	17.0	2.1621701312103787	0.0	0.3235294117647059	0.025757057369165122	1
20	40.0	18.0	2.145363408521303	0.0	0.3055555555555556	0.0243082209306576	1
21	40.0	19.0	2.1294903926482873	0.0	0.2894736842105263	0.023012857977790763	1
22	40.0	20.0	2.1144753776332723	0.0	0.275	0.021847871449332413	1
23	40.0	21.0	2.100250626566416	0.0	0.2619047619047619	0.020794571522381525	1
24	40.0	15.0	2.164122427280322	0.0	0.36666666666666664	0.02919382732473061	1
25	40.0	16.0	2.146297115337363	0.0	0.34375	0.027347865820879474	1
26	40.0	17.0	2.1294903926482873	0.0	0.3235294117647059	0.025720253034001442	1
27	40.0	18.0	2.1136173767752715	0.0	0.3055555555555556	0.024274502646468334	1
28	40.0	19.0	2.0986023617602565	0.0	0.2894736842105263	0.02298181961588516	1
29	40.0	20.0	2.0843776106934	0.0	0.275	0.02181917608457893	1
30	40.0	21.0	2.0708823340402285	0.0	0.2619047619047619	0.02076793721973094	1
31	40.0	22.0	2.0580618212197157	0.0	0.25	0.019812861973705336	1
32	40.0	17.0	2.0986023617602565	0.0	0.3235294117647059	0.025685563100106945	1
33	40.0	18.0	2.0835873467452415	0.0	0.3055555555555556	0.024242692953805378	1
34	40.0	19.0	2.069362595678385	0.0	0.2894736842105263	0.02295251458533343	1
35	40.0	20.0	2.0558673190252135	0.0	0.275	0.021792063659682316	1
36	40.0	21.0	2.0430468062047007	0.0	0.2619047619047619	0.02074275589494074	1
37	40.0	22.0	2.0308516842534816	0.0	0.25	0.019789390894996334	1
38	40.0	18.0	2.0551378446115285	0.0	0.3055555555555556	0.02421263426178773	1
39	40.0	19.0	2.041642567958357	0.0	0.2894736842105263	0.022924801612293738	1
40	40.0	20.0	2.0288220551378444	0.0	0.275	0.021766406633571544	1
41	40.0	21.0	2.016626933186625	0.0	0.2619047619047619	0.020718911658709788	1
42	40.0	22.0	2.0050125313283207	0.0	0.25	0.01976715382709933	1
43	40.0	19.0	2.015326778484673	0.0	0.2894736842105263	0.022898554371485007	1
44	40.0	20.0	2.0031316565334536	0.0	0.275	0.021742090815684952	1
45	40.0	21.0	1.9915172546751494	0.0	0.2619047619047619	0.020696300640998783	1
46	40.0	22.0	1.9804430575544405	0.0	0.25	0.01974605574216427	1
47	40.0	20.0	1.9786967418546366	0.0	0.275	0.02171901366283817	1
48	40.0	21.0	1.9676225447339277	0.0	0.2619047619047619	0.02067482947061555	1
49	40.0	22.0	1.957051720209615	0.0	0.25	0.019726011143465946	1
50	40.0	14.0	2.189727834889125	0.0	0.3928571428571429	0.031314212698357886	1
51	40.0	15.0	2.1695665445665444	0.0	0.36666666666666664	0.029200788849149308	1
52	40.0	16.0	2.1506271506271504	0.0	0.34375	0.027353048336167113	1
53	40.0	17.0	2.1328018386841916	0.0	0.3235294117647059	0.02572397763678623	1
54	40.0	18.0	2.1159951159951156	0.0	0.3055555555555556	0.02427702486394195	1
55	40.0	19.0	2.1001221001220998	0.0	0.2894736842105263	0.02298334479226592	1
56	40.0	20.0	2.0851070851070848	0.0	0.275	0.021819870677861144	1
57	40.0	21.0	2.0708823340402285	0.0	0.2619047619047619	0.02076793721973094	1
58	40.0	15.0	2.1356121356121354	0.0	0.3666666666666666	0.029157424664975385	1
59	40.0	16.0	2.1177868236691766	0.0	0.34375	0.027313791510626035	1
60	40.0	17.0	2.1009801009801006	0.0	0.3235294117647059	0.025688230182411613	1
61	40.0	18.0	2.0851070851070848	0.0	0.3055555555555556	0.024244300753179047	1
62	40.0	19.0	2.0700920700920697	0.0	0.2894736842105263	0.02295324477893782	1
63	40.0	20.0	2.0558673190252135	0.0	0.275	0.021792063659682316	1
64	40.0	21.0	2.042372042372042	0.0	0.2619047619047619	0.020742146229974775	1
65	40.0	22.0	2.0295515295515294	0.0	0.25	0.019788270791936353	1
66	40.0	17.0	2.0708823340402285	0.0	0.32352941176470595	0.025654510683197046	1
67	40.0	18.0	2.0558673190252135	0.0	0.3055555555555556	0.024213404066313685	1
68	40.0	19.0	2.041642567958357	0.0	0.2894736842105263	0.022924801612293738	1
69	40.0	20.0	2.028147291305186	0.0	0.275	0.02176576727791532	1
70	40.0	21.0	2.015326778484673	0.0	0.261904761904762	0.020717739669438816	1
71	40.0	22.0	2.0031316565334536	0.0	0.25	0.019765537105168138	1
72	40.0	18.0	2.028147291305186	0.0	0.3055555555555556	0.024184185864350356	1
73	40.0	19.0	2.0146520146520146	0.0	0.2894736842105263	0.022897882155588172	1
74	40.0	20.0	2.001831501831502	0.0	0.275	0.02174086167078124	1
75	40.0	21.0	1.9896363798802823	0.0	0.2619047619047619	0.020694608918483428	1
76	40.0	22.0	1.978021978021978	0.0	0.25	0.019743979171186806	1
77	40.0	19.0	1.989010989010989	0.0	0.2894736842105263	0.02287236716432916	1
78	40.0	20.0	1.9768158670597695	0.0	0.275	0.021717239332010082	1
79	40.0	21.0	1.9652014652014653	0.0	0.2619047619047619	0.02067265643635207	1
80	40.0	22.0	1.9541272680807564	0.0	0.25	0.019723507971815494	1
81	40.0	20.0	1.9530063432502458	0.0	0.275	0.021694803558622293	1
82	40.0	21.0	1.941932146129537	0.0	0.2619047619047619	0.020651794383133634	1
83	40.0	22.0	1.9313613216052241	0.0	0.25	0.019704043263340233	1
84	40.0	15.0	2.1085668717247663	0.0	0.36666666666666664	0.02912297639605655	1
85	40.0	16.0	2.0907415597818075	0.0	0.34375	0.027281546525433818	1
86	40.0	17.0	2.0739348370927315	0.0	0.3235294117647059	0.02565792646656914	1
87	40.0	18.0	2.0580618212197157	0.0	0.3055555555555556	0.024215720190084302	1
88	40.0	19.0	2.0430468062047007	0.0	0.2894736842105263	0.022926203883881873	1
89	40.0	20.0	2.0288220551378444	0.0	0.275	0.021766406633571544	1
90	40.0	21.0	2.015326778484673	0.0	0.261904761904762	0.020717739669438816	1
91	40.0	22.0	2.0025062656641603	0.0	0.25	0.01976499960370928	1
92	40.0	17.0	2.0445665445665444	0.0	0.3235294117647059	0.02562510070914885	1
93	40.0	18.0	2.0295515295515294	0.0	0.3055555555555556	0.024185664301255544	1
94	40.0	19.0	2.015326778484673	0.0	0.2894736842105263	0.022898554371485007	1
95	40.0	20.0	2.001831501831502	0.0	0.275	0.02174086167078124	1
96	40.0	21.0	1.989010989010989	0.0	0.2619047619047619	0.020694046482012098	1
97	40.0	22.0	1.9768158670597695	0.0	0.25	0.019742944847281892	1
98	40.0	18.0	2.0025062656641603	0.0	0.3055555555555556	0.0241572217378669	1
99	40.0	19.0	1.989010989010989	0.0	0.2894736842105263	0.02287236716432916	1
100	40.0	20.0	1.9761904761904763	0.0	0.275	0.021716649431230608	1
101	40.0	21.0	1.9639953542392568	0.0	0.2619047619047619	0.020671574064737318	1
102	40.0	22.0	1.9523809523809526	0.0	0.25	0.019722013523666416	1
103	40.0	19.0	1.9639953542392568	0.0	0.2894736842105263	0.02284752922944651	1
104	40.0	20.0	1.9518002322880372	0.0	0.275	0.021693668270805513	1
105	40.0	21.0	1.940185830429733	0.0	0.2619047619047619	0.02065023042635171	1
106	40.0	22.0	1.9291116333090241	0.0	0.25	0.01970212188281891	1
107	40.0	20.0	1.9285714285714284	0.0	0.275	0.021671826625386994	1
108	40.0	21.0	1.9174972314507197	0.0	0.2619047619047619	0.020629932592894668	1
109	40.0	22.0	1.906926406926407	0.0	0.25	0.0196831943012466	1
110	40.0	17.0	2.0195509097948126	0.0	0.32352941176470584	0.025597206208140072	1
111	40.0	18.0	2.0045358947797975	0.0	0.3055555555555556	0.024159353906209657	1
112	40.0	19.0	1.9903111437129408	0.0	0.2894736842105263	0.02287365955971526	1
113	40.0	20.0	1.9768158670597695	0.0	0.275	0.021717239332010082	1
114	40.0	21.0	1.9639953542392568	0.0	0.2619047619047619	0.020671574064737318	1
115	40.0	22.0	1.9518002322880372	0.0	0.25	0.019721516609823193	1
116	40.0	18.0	1.9781160217617213	0.0	0.3055555555555556	0.024131628674729722	1
117	40.0	19.0	1.96462074510855	0.0	0.2894736842105263	0.02284814952034808	1
118	40.0	20.0	1.9518002322880372	0.0	0.275	0.021693668270805513	1
119	40.0	21.0	1.9396051103368177	0.0	0.2619047619047619	0.02064971040040292	1
120	40.0	22.0	1.9279907084785135	0.0	0.25	0.019701164679770268	1
121	40.0	19.0	1.9401858304297328	0.0	0.2894736842105263	0.022823938892283468	1
122	40.0	20.0	1.9279907084785133	0.0	0.275	0.021671281147747294	1
123	40.0	21.0	1.9163763066202089	0.0	0.2619047619047619	0.02062893081761006	1
124	40.0	22.0	1.9053021094995002	0.0	0.25	0.019681809941857777	1
125	40.0	20.0	1.9053021094995004	0.0	0.275	0.021649990936043556	1
126	40.0	21.0	1.8942279123787915	0.0	0.2619047619047619	0.02060915663777332	1
127	40.0	22.0	1.8836570878544787	0.0	0.25	0.01966338085020501	1
128	40.0	18.0	1.9548872180451125	0.0	0.3055555555555556	0.02410730469458039	1
129	40.0	19.0	1.9413919413919412	0.0	0.2894736842105263	0.02282513272856486	1
130	40.0	20.0	1.9285714285714284	0.0	0.275	0.021671826625386994	1
131	40.0	21.0	1.9163763066202089	0.0	0.2619047619047619	0.02062893081761006	1
132	40.0	22.0	1.9047619047619047	0.0	0.25	0.019681349578256794	1
133	40.0	19.0	1.9174972314507197	0.0	0.2894736842105263	0.022801504444778315	1
134	40.0	20.0	1.9053021094995002	0.0	0.275	0.021649990936043556	1
135	40.0	21.0	1.8936877076411958	0.0	0.2619047619047619	0.020608674814282288	1
136	40.0	22.0	1.882613510520487	0.0	0.25	0.019662493195427327	1
137	40.0	20.0	1.883116883116883	0.0	0.275	0.02162921348314607	1
138	40.0	21.0	1.8720426859961743	0.0	0.2619047619047619	0.020589387541897007	1
139	40.0	22.0	1.8614718614718615	0.0	0.25	0.019644527595884004	1
140	40.0	14.0	2.1658331249479037	0.0	0.3928571428571429	0.03128144408308239	1
141	40.0	15.0	2.1456718346253227	0.0	0.36666666666666664	0.029170258772983588	1
142	40.0	16.0	2.126732440685929	0.0	0.34375	0.027324473793666523	1
143	40.0	17.0	2.10890712874297	0.0	0.3235294117647059	0.02569712583955565	1
144	40.0	18.0	2.0921004060538944	0.0	0.3055555555555556	0.024251702050517666	1
145	40.0	19.0	2.0762273901808785	0.0	0.2894736842105263	0.022959387986960015	1
146	40.0	20.0	2.0612123751658635	0.0	0.275	0.021797141513210872	1
147	40.0	21.0	2.0469876240990073	0.0	0.2619047619047619	0.020746317232436202	1
148	40.0	15.0	2.111717425670914	0.0	0.3666666666666666	0.0291269851506632	1
149	40.0	16.0	2.093892113727955	0.0	0.34375	0.027285298886353858	1
150	40.0	17.0	2.0770853910388793	0.0	0.3235294117647059	0.02566145292395286	1
151	40.0	18.0	2.0612123751658635	0.0	0.3055555555555556	0.02421904612578986	1
152	40.0	19.0	2.0461973601508485	0.0	0.2894736842105263	0.022929350649724983	1
153	40.0	20.0	2.0319726090839922	0.0	0.275	0.02176939235964831	1
154	40.0	21.0	2.0184773324308205	0.0	0.2619047619047619	0.020720579879698813	1
155	40.0	22.0	2.0056568196103077	0.0	0.25	0.019767707691390177	1
156	40.0	17.0	2.046987624099007	0.0	0.32352941176470595	0.02562780364006825	1
157	40.0	18.0	2.031972609083992	0.0	0.3055555555555556	0.024188213732942568	1
158	40.0	19.0	2.0177478580171355	0.0	0.2894736842105263	0.022900966633824193	1
159	40.0	20.0	2.0042525813639642	0.0	0.275	0.021743150631181218	1
160	40.0	21.0	1.9914320685434515	0.0	0.2619047619047619	0.02069622401572609	1
161	40.0	22.0	1.979236946592232	0.0	0.25	0.01974502120068379	1
162	40.0	18.0	2.0042525813639642	0.0	0.3055555555555556	0.02415905625686802	1
163	40.0	19.0	1.990757304710793	0.0	0.2894736842105263	0.02287410309168669	1
164	40.0	20.0	1.9779367918902802	0.0	0.275	0.021718296726067135	1
165	40.0	21.0	1.9657416699390606	0.0	0.2619047619047619	0.020673141256257514	1
166	40.0	22.0	1.9541272680807564	0.0	0.25	0.019723507971815494	1
167	40.0	19.0	1.9651162790697674	0.0	0.2894736842105263	0.02284864103722203	1
168	40.0	20.0	1.9529211571185479	0.0	0.275	0.021694723370742273	1
169	40.0	21.0	1.9413067552602437	0.0	0.2619047619047619	0.020651234271443664	1
170	40.0	22.0	1.9302325581395348	0.0	0.25	0.01970307917888563	1
171	40.0	20.0	1.9291116333090241	0.0	0.275	0.021672334071100804	1
172	40.0	21.0	1.9180374361883152	0.0	0.2619047619047619	0.02063041541090861	1
173	40.0	22.0	1.9074666116640024	0.0	0.25	0.019683654751151934	1
174	40.0	15.0	2.085297552652838	0.0	0.3666666666666666	0.029093402726852634	1
175	40.0	16.0	2.067472240709879	0.0	0.34375	0.027253864317107752	1
176	40.0	17.0	2.0506655180208035	0.0	0.32352941176470595	0.025631910789376253	1
177	40.0	18.0	2.0347925021477877	0.0	0.3055555555555556	0.024191183798688214	1
178	40.0	19.0	2.0197774871327727	0.0	0.2894736842105263	0.022902989263005883	1
179	40.0	20.0	2.005552736065916	0.0	0.275	0.021744380034923953	1
180	40.0	21.0	1.9920574594127447	0.0	0.2619047619047619	0.02069678657057016	1
181	40.0	22.0	1.979236946592232	0.0	0.25	0.01974502120068379	1
182	40.0	17.0	2.0212972254946164	0.0	0.3235294117647059	0.02559915152261283	1
183	40.0	18.0	2.0062822104796014	0.0	0.3055555555555556	0.02416118874907455	1
184	40.0	19.0	1.9920574594127447	0.0	0.2894736842105263	0.022875395683261756	1
185	40.0	20.0	1.9785621827595734	0.0	0.275	0.021718886716343894	1
186	40.0	21.0	1.9657416699390606	0.0	0.2619047619047619	0.020673141256257514	1
187	40.0	22.0	1.953546547987841	0.0	0.25	0.01972301098266244	1
188	40.0	18.0	1.979236946592232	0.0	0.3055555555555556	0.024132803689724636	1
189	40.0	19.0	1.9657416699390606	0.0	0.2894736842105263	0.02284926138849515	1
190	40.0	20.0	1.9529211571185479	0.0	0.275	0.021694723370742273	1
191	40.0	21.0	1.9407260351673283	0.0	0.2619047619047619	0.02065071419493548	1
192	40.0	22.0	1.9291116333090241	0.0	0.25	0.01970212188281891	1
193	40.0	19.0	1.9407260351673283	0.0	0.2894736842105263	0.022824473583876057	1
194	40.0	20.0	1.9285309132161088	0.0	0.275	0.02167178856791641	1
195	40.0	21.0	1.9169165113578046	0.0	0.261904761904762	0.020629413588733974	1
196	40.0	22.0	1.9058423142370957	0.0	0.25	0.019682270326995856	1
197	40.0	20.0	1.9053021094995004	0.0	0.275	0.021649990936043556	1
198	40.0	21.0	1.8942279123787915	0.0	0.2619047619047619	0.02060915663777332	1
199	40.0	22.0	1.8836570878544787	0.0	0.25	0.01966338085020501	1
200	40.0	17.0	1.9968623108157992	0.0	0.32352941176470595	0.025571959011236465	1
201	40.0	18.0	1.9818472958007842	0.0	0.3055555555555556	0.024135540444746688	1
202	40.0	19.0	1.9676225447339277	0.0	0.2894736842105263	0.02285112730962771	1
203	40.0	20.0	1.9541272680807564	0.0	0.275	0.021695858768997045	1
204	40.0	21.0	1.9413067552602437	0.0	0.2619047619047619	0.020651234271443664	1
205	40.0	22.0	1.9291116333090241	0.0	0.25	0.01970212188281891	1
206	40.0	18.0	1.9554274227827082	0.0	0.3055555555555556	0.02410786981160146	1
207	40.0	19.0	1.941932146129537	0.0	0.2894736842105263	0.022825667476095067	1
208	40.0	20.0	1.9291116333090241	0.0	0.275	0.021672334071100804	1
209	40.0	21.0	1.9169165113578046	0.0	0.261904761904762	0.020629413588733974	1
210	40.0	22.0	1.9053021094995004	0.0	0.25	0.019681809941857777	1
211	40.0	19.0	1.91749723145072	0.0	0.2894736842105263	0.022801504444778315	1
212	40.0	20.0	1.9053021094995004	0.0	0.275	0.021649990936043556	1
213	40.0	21.0	1.8936877076411962	0.0	0.2619047619047619	0.020608674814282288	1
214	40.0	22.0	1.8826135105204873	0.0	0.25	0.019662493195427327	1
215	40.0	20.0	1.8826135105204873	0.0	0.275	0.02162874251497006	1
216	40.0	21.0	1.8715393133997784	0.0	0.2619047619047619	0.02058893943021307	1
217	40.0	22.0	1.8609684888754656	0.0	0.25	0.019644100243647752	1
218	40.0	18.0	1.932738823803695	0.0	0.3055555555555556	0.02408415768616898	1
219	40.0	19.0	1.9192435471505238	0.0	0.2894736842105263	0.022803229631960648	1
220	40.0	20.0	1.906423034330011	0.0	0.275	0.021651041791545783	1
221	40.0	21.0	1.8942279123787915	0.0	0.2619047619047619	0.02060915663777332	1
222	40.0	22.0	1.8826135105204873	0.0	0.25	0.019662493195427327	1
223	40.0	19.0	1.8953488372093024	0.0	0.2894736842105263	0.022779646650597302	1
224	40.0	20.0	1.8831537152580828	0.0	0.275	0.021629247945037417	1
225	40.0	21.0	1.8715393133997784	0.0	0.2619047619047619	0.02058893943021307	1
226	40.0	22.0	1.8604651162790697	0.0	0.25	0.01964367291000457	1
227	40.0	20.0	1.8609684888754656	0.0	0.275	0.02160851026801253	1
228	40.0	21.0	1.8498942917547567	0.0	0.261904761904762	0.02056968906283975	1
229	40.0	22.0	1.839323467230444	0.0	0.25	0.019625741670470105	1
230	40.0	15.0	2.063112326270221	0.0	0.36666666666666664	0.029065262739644382	1
231	40.0	16.0	2.045287014327262	0.0	0.34375	0.027227524055303844	1
232	40.0	17.0	2.0284802916381866	0.0	0.3235294117647059	0.02560715623457532	1
233	40.0	18.0	2.0126072757651707	0.0	0.3055555555555556	0.024167836788634673	1
234	40.0	19.0	1.9975922607501555	0.0	0.2894736842105263	0.02288089992316815	1
235	40.0	20.0	1.983367509683299	0.0	0.275	0.021723421104731733	1
236	40.0	21.0	1.9698722330301277	0.0	0.2619047619047619	0.020676849082593242	1
237	40.0	22.0	1.957051720209615	0.0	0.25	0.019726011143465946	1
238	40.0	17.0	1.999111999111999	0.0	0.3235294117647059	0.025574460172795806	1
239	40.0	18.0	1.984096984096984	0.0	0.3055555555555556	0.024137899571947716	1
240	40.0	19.0	1.9698722330301277	0.0	0.2894736842105263	0.0228533595123399	1
241	40.0	20.0	1.9563769563769562	0.0	0.275	0.021697976878612718	1
242	40.0	21.0	1.9435564435564434	0.0	0.2619047619047619	0.02065324927605306	1
243	40.0	22.0	1.931361321605224	0.0	0.25	0.019704043263340233	1
244	40.0	18.0	1.957051720209615	0.0	0.3055555555555556	0.02410956917534727	1
245	40.0	19.0	1.9435564435564434	0.0	0.2894736842105263	0.022827275515637593	1
246	40.0	20.0	1.9307359307359306	0.0	0.275	0.02167386001125915	1
247	40.0	21.0	1.9185408087847111	0.0	0.2619047619047619	0.020630865329853684	1
248	40.0	22.0	1.9069264069264067	0.0	0.25	0.0196831943012466	1
249	40.0	19.0	1.9185408087847111	0.0	0.2894736842105263	0.022802535364575126	1
250	40.0	20.0	1.9063456868334916	0.0	0.275	0.021650969275786396	1
251	40.0	21.0	1.8947312849751872	0.0	0.2619047619047619	0.020609605629941047	1
252	40.0	22.0	1.8836570878544785	0.0	0.25	0.019663380850205008	1
253	40.0	20.0	1.883116883116883	0.0	0.275	0.02162921348314607	1
254	40.0	21.0	1.872042685996174	0.0	0.2619047619047619	0.020589387541897007	1
255	40.0	22.0	1.8614718614718613	0.0	0.25	0.019644527595884004	1
256	40.0	17.0	1.9752172891707775	0.0	0.3235294117647059	0.02554791945293725	1
257	40.0	18.0	1.9602022741557625	0.0	0.3055555555555556	0.02411286601411335	1
258	40.0	19.0	1.945977523088906	0.0	0.2894736842105263	0.022829672782734397	1
259	40.0	20.0	1.9324822464357347	0.0	0.275	0.021675500820747946	1
260	40.0	21.0	1.919661733615222	0.0	0.261904761904762	0.020631867293037943	1
261	40.0	22.0	1.9074666116640024	0.0	0.25	0.019683654751151934	1
262	40.0	18.0	1.9337824011376865	0.0	0.3055555555555556	0.024085247317833205	1
263	40.0	19.0	1.9202871244845152	0.0	0.2894736842105263	0.02280426070776797	1
264	40.0	20.0	1.9074666116640024	0.0	0.275	0.021652020226267128	1
265	40.0	21.0	1.895271489712783	0.0	0.2619047619047619	0.020610087496957852	1
266	40.0	22.0	1.8836570878544787	0.0	0.25	0.01966338085020501	1
267	40.0	19.0	1.8958522098056982	0.0	0.2894736842105263	0.02278014295325186	1
268	40.0	20.0	1.8836570878544787	0.0	0.275	0.02162971893522551	1
269	40.0	21.0	1.8720426859961745	0.0	0.2619047619047619	0.020589387541897007	1
270	40.0	22.0	1.8609684888754656	0.0	0.25	0.019644100243647752	1
271	40.0	20.0	1.8609684888754656	0.0	0.275	0.02160851026801253	1
272	40.0	21.0	1.8498942917547567	0.0	0.261904761904762	0.02056968906283975	1
273	40.0	22.0	1.839323467230444	0.0	0.25	0.019625741670470105	1
274	40.0	18.0	1.9115971747550695	0.0	0.3055555555555556	0.02406210424170655	1
275	40.0	19.0	1.898101898101898	0.0	0.2894736842105263	0.0227823613086771	1
276	40.0	20.0	1.8852813852813852	0.0	0.275	0.021631238880044947	1
277	40.0	21.0	1.8730862633301657	0.0	0.261904761904762	0.020590316616065925	1
278	40.0	22.0	1.8614718614718613	0.0	0.25	0.019644527595884004	1
279	40.0	19.0	1.8742071881606766	0.0	0.2894736842105263	0.022758821449106605	1
280	40.0	20.0	1.862012066209457	0.0	0.275	0.021609484862329095	1
281	40.0	21.0	1.8503976643511528	0.0	0.2619047619047619	0.02057013633695014	1
282	40.0	22.0	1.839323467230444	0.0	0.25	0.019625741670470105	1
283	40.0	20.0	1.8398268398268396	0.0	0.275	0.021588785046728974	1
284	40.0	21.0	1.828752642706131	0.0	0.2619047619047619	0.020550921098366353	1
285	40.0	22.0	1.8181818181818181	0.0	0.25	0.019607843137254898	1
286	40.0	12.0	2.3493076124655072	7.249999999999999	2602075.8107480602	0.2601792556756339	2
287	40.0	13.0	2.3228525860104807	7.75	2410148.5526112416	0.24098833218943033	2
288	40.0	14.0	2.2982220441385595	6.4	2313548.5403169747	0.2313291507335301	2
289	40.0	15.0	2.275233538391433	6.8	2159088.7509513255	0.2158846647614644	2
290	40.0	16.0	2.253728162047347	7.199999999999999	2023173.3311980802	0.20229445165549326	2
291	40.0	17.0	2.2335668717247663	7.6000000000000005	1902723.7309812917	0.19025068204045914	2
292	40.0	18.0	2.2146274777853723	8.0	1795298.2100920244	0.17950920245398772	2
293	40.0	19.0	2.1968021658424135	6.15	1740374.0384887517	0.17401728558176308	2
294	40.0	13.0	2.2803967321956007	7.75	2372527.755695016	0.2372262520641236	2
295	40.0	14.0	2.257408226448474	6.4	2279123.3488353137	0.22788663118851799	2
296	40.0	15.0	2.235902850104388	6.8	2128370.252203829	0.21281281453506878	2
297	40.0	16.0	2.2157415597818075	7.199999999999999	1995573.6016239428	0.19953447838413257	2
298	40.0	17.0	2.1968021658424135	7.6000000000000005	1877771.8367808217	0.18775549233821806	2
299	40.0	18.0	2.1789768538994547	8.0	1772612.7728965248	0.17724065847922657	2
300	40.0	19.0	2.162170131210379	6.15	1719137.4871044322	0.1718936302044199	2
301	40.0	20.0	2.1462971153373633	4.2	1668872.1512109707	0.1668675736180472	2
302	40.0	14.0	2.2190961274153125	6.4	2247727.7502242606	0.22474707096549118	2
303	40.0	15.0	2.1989348370927315	6.8	2100283.5582548063	0.2100041448186477	2
304	40.0	16.0	2.179995443153338	7.199999999999999	1970280.7987911543	0.19700519781314804	2
305	40.0	17.0	2.1621701312103787	7.6000000000000005	1854858.71556401	0.18546417995740036	2
306	40.0	18.0	2.145363408521303	8.0	1751742.6259218613	0.17515364354697102	2
307	40.0	19.0	2.1294903926482873	6.15	1699568.0063083374	0.16993668190465372	2
308	40.0	20.0	2.1144753776332723	4.2	1650469.8976988883	0.1650273480598136	2
309	40.0	21.0	2.100250626566416	2.15	1604179.7232994728	0.16039878595405116	2
310	40.0	15.0	2.164122427280322	6.8	2074504.0620411122	0.20742619490217085	2
311	40.0	16.0	2.146297115337363	7.199999999999999	1947017.1821831279	0.19467883588772172	2
312	40.0	17.0	2.1294903926482873	7.6000000000000005	1833744.2757702656	0.18335273573923164	2
313	40.0	18.0	2.1136173767752715	8.0	1732478.2620839362	0.1732272069464544	2
314	40.0	19.0	2.0986023617602565	6.15	1681476.6946591306	0.16812755053620576	2
315	40.0	20.0	2.0843776106934	4.2	1633434.2413668344	0.16332378223495703	2
316	40.0	21.0	2.0708823340402285	2.15	1588097.6177851025	0.15879057522169043	2
317	40.0	22.0	2.0580618212197157	0.0	1545241.9202490484	0.154505440605114	2
318	40.0	17.0	2.0986023617602565	7.6000000000000005	1814224.7026866872	0.18140077821011671	2
319	40.0	18.0	2.0835873467452415	8.0	1714641.2195941235	0.1714435024968064	2
320	40.0	19.0	2.069362595678385	6.15	1664702.1537715537	0.16645009625873447	2
321	40.0	20.0	2.0558673190252135	4.2	1617618.3504115313	0.16174219296149794	2
322	40.0	21.0	2.0430468062047007	2.15	1573149.734982543	0.15729578677327077	2
323	40.0	22.0	2.0308516842534816	0.0	1531082.5948100507	0.15308950790192183	2
324	40.0	18.0	2.0551378446115285	8.0	1698078.5369148934	0.16978723404255316	2
325	40.0	19.0	2.041642567958357	6.15	1649105.6585230601	0.16489044655842452	2
326	40.0	20.0	2.0288220551378444	4.2	1602895.7054558017	0.1602699283002952	2
327	40.0	21.0	2.016626933186625	2.15	1559220.085045243	0.1559028216228322	2
328	40.0	22.0	2.0050125313283207	0.0	1517874.850863619	0.1517687333586915	2
329	40.0	19.0	2.015326778484673	6.15	1634567.3105444235	0.16343661159700443	2
330	40.0	20.0	2.0031316565334536	4.2	1589156.7039140735	0.15889602799155858	2
331	40.0	21.0	1.9915172546751494	2.15	1546207.98020381	0.1546016109923027	2
332	40.0	22.0	1.9804430575544405	0.0	1505525.762684369	0.15053382440183927	2
333	40.0	20.0	1.9786967418546366	4.2	1576305.923577755	0.15761094981335544	2
334	40.0	21.0	1.9676225447339277	2.15	1534025.5910058613	0.15338337193545595	2
335	40.0	22.0	1.957051720209615	0.0	1493954.1329736628	0.14937666130058777	2
336	40.0	14.0	2.189727834889125	6.4	2224240.9255473553	0.22239838822704974	2
337	40.0	15.0	2.1695665445665444	6.8	2078493.7421441532	0.20782516295814632	2
338	40.0	16.0	2.1506271506271504	7.199999999999999	1949975.6091010605	0.1949746786131671	2
339	40.0	17.0	2.1328018386841916	7.6000000000000005	1835861.8922973005	0.18356449741588438	2
340	40.0	18.0	2.1159951159951156	8.0	1733906.4464807364	0.1733700254022015	2
341	40.0	19.0	2.1001221001220998	6.15	1682357.800237743	0.16821566110397942	2
342	40.0	20.0	2.0851070851070848	4.2	1633842.9716713836	0.16336465527001015	2
343	40.0	21.0	2.0708823340402285	2.15	1588097.6177851025	0.15879057522169043	2
344	40.0	15.0	2.1356121356121354	6.8	2053858.1826445572	0.20536160672617434	2
345	40.0	16.0	2.1177868236691766	7.199999999999999	1927759.932903269	0.19275311074068463	2
346	40.0	17.0	2.1009801009801006	7.6000000000000005	1815712.5286109785	0.18154956081937243	2
347	40.0	18.0	2.0851070851070848	8.0	1715535.0748606077	0.1715328880335107	2
348	40.0	19.0	2.0700920700920697	6.15	1665116.573185477	0.166491538204789	2
349	40.0	20.0	2.0558673190252135	4.2	1617618.3504115313	0.16174219296149794	2
350	40.0	21.0	2.042372042372042	2.15	1572790.8747826656	0.15725990074924587	2
351	40.0	22.0	2.0295515295515294	0.0	1530412.527569005	0.153022501170279	2
352	40.0	17.0	2.0708823340402285	7.6000000000000005	1797057.6421408989	0.17968407196138655	2
353	40.0	18.0	2.0558673190252135	8.0	1698499.222537763	0.16982930260957285	2
354	40.0	19.0	2.041642567958357	6.15	1649105.6585230601	0.16489044655842452	2
355	40.0	20.0	2.028147291305186	4.2	1602531.8101032593	0.16023353876094712	2
356	40.0	21.0	2.015326778484673	2.15	1558540.9562135977	0.1558349087320275	2
357	40.0	22.0	2.0031316565334536	0.0	1516922.3300305582	0.15167348126466956	2
358	40.0	18.0	2.028147291305186	8.0	1682658.355214077	0.16824521569899448	2
359	40.0	19.0	2.0146520146520146	6.15	1634197.9026811777	0.163399670806524	2
360	40.0	20.0	2.001831501831502	4.2	1588467.6519318398	0.15882712278558336	2
361	40.0	21.0	1.9896363798802823	2.15	1545242.0296498493	0.15450501592603968	2
362	40.0	22.0	1.978021978021978	0.0	1504319.7502066118	0.15041322314049588	2
363	40.0	19.0	1.989010989010989	6.15	1620283.0904309538	0.16200818942495995	2
364	40.0	20.0	1.9768158670597695	4.2	1575325.3467537411	0.15751289211992256	2
365	40.0	21.0	1.9652014652014653	2.15	1532801.9404195782	0.15326100686306157	2
366	40.0	22.0	1.9541272680807564	0.0	1492519.9140011517	0.1492332393872017	2
367	40.0	20.0	1.9530063432502458	4.2	1563017.1277162023	0.1562820700777012	2
368	40.0	21.0	1.941932146129537	2.15	1521140.070771194	0.1520948197670271	2
369	40.0	22.0	1.9313613216052241	0.0	1481448.4392720873	0.14812609178974115	2
370	40.0	15.0	2.1085668717247663	6.8	2034649.5135726808	0.20344073959909797	2
371	40.0	16.0	2.0907415597818075	7.199999999999999	1909841.077431231	0.19096122498965382	2
372	40.0	17.0	2.0739348370927315	7.6000000000000005	1798932.1257411619	0.1798715203426124	2
373	40.0	18.0	2.0580618212197157	8.0	1699766.0429557716	0.16995598466562542	2
374	40.0	19.0	2.0430468062047007	6.15	1649888.7126679514	0.164968751981723	2
375	40.0	20.0	2.0288220551378444	4.2	1602895.7054558017	0.1602699283002952	2
376	40.0	21.0	2.015326778484673	2.15	1558540.9562135977	0.1558349087320275	2
377	40.0	22.0	2.0025062656641603	0.0	1516605.8816639143	0.15164183642444512	2
378	40.0	17.0	2.0445665445665444	7.6000000000000005	1781058.2033240888	0.1780841278987595	2
379	40.0	18.0	2.0295515295515294	8.0	1683453.7110077236	0.1683247512873069	2
380	40.0	19.0	2.015326778484673	6.15	1634567.3105444235	0.16343661159700443	2
381	40.0	20.0	2.001831501831502	4.2	1588467.6519318398	0.15882712278558336	2
382	40.0	21.0	1.989010989010989	2.15	1544921.1184309868	0.1544729248005432	2
383	40.0	22.0	1.9768158670597695	0.0	1503719.6709229683	0.15035321520538064	2
384	40.0	18.0	2.0025062656641603	8.0	1668266.4005121237	0.16680602006688963	2
385	40.0	19.0	1.989010989010989	6.15	1620283.0904309538	0.16200818942495995	2
386	40.0	20.0	1.9761904761904763	4.2	1574999.575197464	0.15748031496062992	2
387	40.0	21.0	1.9639953542392568	2.15	1532193.0818003428	0.15320012099428837	2
388	40.0	22.0	1.9523809523809526	0.0	1491664.7929526085	0.14914772727272727	2
389	40.0	19.0	1.9639953542392568	6.15	1606934.173964668	0.16067329762815608	2
390	40.0	20.0	1.9518002322880372	4.2	1562398.7512609959	0.15622023242522384	2
391	40.0	21.0	1.940185830429733	2.15	1520272.0260893346	0.15200801528907565	2
392	40.0	22.0	1.9291116333090241	0.0	1480363.2891207936	0.14801757676240385	2
393	40.0	20.0	1.9285714285714284	4.2	1550584.025237139	0.15503875968992245	2
394	40.0	21.0	1.9174972314507197	2.15	1509083.5575900276	0.15088916831327465	2
395	40.0	22.0	1.906926406926407	0.0	1469746.6549514486	0.1469559132260322	2
396	40.0	17.0	2.0195509097948126	7.6000000000000005	1766111.170633708	0.17658942446067757	2
397	40.0	18.0	2.0045358947797975	8.0	1669396.623759713	0.1669190424043636	2
398	40.0	19.0	1.9903111437129408	6.15	1620982.9491060423	0.16207817530034221	2
399	40.0	20.0	1.9768158670597695	4.2	1575325.3467537411	0.15751289211992256	2
400	40.0	21.0	1.9639953542392568	2.15	1532193.0818003428	0.15320012099428837	2
401	40.0	22.0	1.9518002322880372	0.0	1491380.6479526209	0.14911931276953186	2
402	40.0	18.0	1.9781160217617213	8.0	1654803.1468418124	0.16545969454839687	2
403	40.0	19.0	1.96462074510855	6.15	1607265.2153059097	0.16070640176600443	2
404	40.0	20.0	1.9518002322880372	4.2	1562398.7512609959	0.15622023242522384	2
405	40.0	21.0	1.9396051103368177	2.15	1519983.5858650687	0.1519791712634041	2
406	40.0	22.0	1.9279907084785135	0.0	1479823.1977905454	0.14796356762330298	2
407	40.0	19.0	1.9401858304297328	6.15	1594431.6033409277	0.1594230404251281	2
408	40.0	20.0	1.9279907084785133	4.2	1550290.946329298	0.15500945179584122	2
409	40.0	21.0	1.9163763066202089	2.15	1508535.0620107746	0.1508343187491788	2
410	40.0	22.0	1.9053021094995002	0.0	1468975.3354452674	0.14687878126673673	2
411	40.0	20.0	1.9053021094995004	4.2	1538926.5191104356	0.15387300894610517	2
412	40.0	21.0	1.8942279123787915	2.15	1497778.5174649765	0.14975866417358785	2
413	40.0	22.0	1.8836570878544787	0.0	1458773.6531154343	0.1458586129189845	2
414	40.0	18.0	1.9548872180451125	8.0	1642181.5114197528	0.1641975308641975	2
415	40.0	19.0	1.9413919413919412	6.15	1595060.2613820012	0.15948590623630785	2
416	40.0	20.0	1.9285714285714284	4.2	1550584.025237139	0.15503875968992245	2
417	40.0	21.0	1.9163763066202089	2.15	1508535.0620107746	0.1508343187491788	2
418	40.0	22.0	1.9047619047619047	0.0	1468718.9913382072	0.14685314685314685	2
419	40.0	19.0	1.9174972314507197	6.15	1582697.3558904354	0.15824961554806855	2
420	40.0	20.0	1.9053021094995002	4.2	1538926.5191104354	0.15387300894610514	2
421	40.0	21.0	1.8936877076411958	2.15	1497518.0789669536	0.1497326203208556	2
422	40.0	22.0	1.882613510520487	0.0	1458285.3763945366	0.1458097852414016	2
423	40.0	20.0	1.883116883116883	4.2	1527974.2086592966	0.15277777777777776	2
424	40.0	21.0	1.8720426859961743	2.15	1487156.794851303	0.1486964917927261	2
425	40.0	22.0	1.8614718614718615	0.0	1448463.3871544602	0.14482758620689656	2
426	40.0	14.0	2.1658331249479037	6.4	2205490.6380739687	0.2205233592635619	2
427	40.0	15.0	2.1456718346253227	6.8	2061095.8778090524	0.20608537632547644	2
428	40.0	16.0	2.126732440685929	7.199999999999999	1933761.0980427482	0.1933532273228958	2
429	40.0	17.0	2.10890712874297	7.6000000000000005	1820690.3979160395	0.18204734780617587	2
430	40.0	18.0	2.0921004060538944	8.0	1719660.3356037766	0.17194541415423675	2
431	40.0	19.0	2.0762273901808785	6.15	1668610.2743051115	0.1668409083560566	2
432	40.0	20.0	2.0612123751658635	4.2	1620560.1111469003	0.16203636906812963	2
433	40.0	21.0	2.0469876240990073	2.15	1575248.8592074802	0.15750569921937965	2
434	40.0	15.0	2.111717425670914	6.8	2036868.655692901	0.20366265383652332	2
435	40.0	16.0	2.093892113727955	7.199999999999999	1911911.3156882431	0.191168248838904	2
436	40.0	17.0	2.0770853910388793	7.6000000000000005	1800870.926356093	0.18006540042603242	2
437	40.0	18.0	2.0612123751658635	8.0	1701588.0713099001	0.17013818752153612	2
438	40.0	19.0	2.0461973601508485	6.15	1651648.2848447254	0.1651447092191956	2
439	40.0	20.0	2.0319726090839922	4.2	1604596.966703576	0.1604400544442118	2
440	40.0	21.0	2.0184773324308205	2.15	1560187.6525032485	0.1559995783795179	2
441	40.0	22.0	2.0056568196103077	0.0	1518201.4093092738	0.15180138920693076	2
442	40.0	17.0	2.046987624099007	7.6000000000000005	1782518.257443296	0.17823013332719273	2
443	40.0	18.0	2.031972609083992	8.0	1684826.7696444094	0.16846205716642237	2
444	40.0	19.0	2.0177478580171355	6.15	1635894.1366202831	0.1635692942195172	2
445	40.0	20.0	2.0042525813639642	4.2	1589751.2483075687	0.15895548243759675	2
446	40.0	21.0	1.9914320685434515	2.15	1546164.2055176033	0.15459723352318958	2
447	40.0	22.0	1.979236946592232	0.0	1504924.7209205544	0.15047372021869607	2
448	40.0	18.0	2.0042525813639642	8.0	1669238.7653286022	0.1669032565594766	2
449	40.0	19.0	1.990757304710793	6.15	1621223.2519317335	0.16210220558561475	2
450	40.0	20.0	1.9779367918902802	4.2	1575909.583680242	0.15757131581914532	2
451	40.0	21.0	1.9657416699390606	2.15	1533074.7989031875	0.15328829271449215	2
452	40.0	22.0	1.9541272680807564	0.0	1492519.9140011517	0.1492332393872017	2
453	40.0	19.0	1.9651162790697674	6.15	1607527.6157081123	0.1607326418091767	2
454	40.0	20.0	1.9529211571185479	4.2	1562973.4364820977	0.15627770095379923	2
455	40.0	21.0	1.9413067552602437	2.15	1520829.0925421354	0.15206372194062273	2
456	40.0	22.0	1.9302325581395348	0.0	1480903.7748794765	0.14807162534435261	2
457	40.0	20.0	1.9291116333090241	4.2	1550856.7562943203	0.1550660327987088	2
458	40.0	21.0	1.9180374361883152	2.15	1509348.0352814887	0.15091561608539614	2
459	40.0	22.0	1.9074666116640024	0.0	1470003.3579895168	0.14698158353272694	2
460	40.0	15.0	2.085297552652838	6.8	2018407.9691077939	0.2018165849666863	2
461	40.0	16.0	2.067472240709879	7.199999999999999	1894688.4939471663	0.18944596646888667	2
462	40.0	17.0	2.0506655180208035	7.6000000000000005	1784740.8315660858	0.17845239076460798	2
463	40.0	18.0	2.0347925021477877	8.0	1686428.8326818796	0.1686222634881926	2
464	40.0	19.0	2.0197774871327727	6.15	1637008.09694771	0.16368069026479193	2
465	40.0	20.0	2.005552736065916	4.2	1590441.4147270324	0.15902449908730748	2
466	40.0	21.0	1.9920574594127447	2.15	1546485.6334906511	0.15462937632411042	2
467	40.0	22.0	1.979236946592232	0.0	1504924.7209205544	0.15047372021869607	2
468	40.0	17.0	2.0212972254946164	7.6000000000000005	1767146.4563698953	0.17669295304600488	2
469	40.0	18.0	2.0062822104796014	8.0	1670370.3070927726	0.16701641074862347	2
470	40.0	19.0	1.9920574594127447	6.15	1621923.9232984062	0.16217227273016457	2
471	40.0	20.0	1.9785621827595734	4.2	1576235.7318820264	0.15760393064299294	2
472	40.0	21.0	1.9657416699390606	2.15	1533074.7989031875	0.15328829271449215	2
473	40.0	22.0	1.953546547987841	0.0	1492235.443116372	0.14920479229552344	2
474	40.0	18.0	1.979236946592232	8.0	1655417.123694428	0.1655210922405657	2
475	40.0	19.0	1.9657416699390606	6.15	1607858.9016578957	0.160765770407882	2
476	40.0	20.0	1.9529211571185479	4.2	1562973.4364820977	0.15627770095379923	2
477	40.0	21.0	1.9407260351673283	2.15	1520540.4408887855	0.1520348567720404	2
478	40.0	22.0	1.9291116333090241	0.0	1480363.2891207936	0.14801757676240385	2
479	40.0	19.0	1.9407260351673283	6.15	1594713.1115452303	0.1594511912487253	2
480	40.0	20.0	1.9285309132161088	4.2	1550563.5742752282	0.1550367145935013	2
481	40.0	21.0	1.9169165113578046	2.15	1508799.3474403254	0.1508607472951071	2
482	40.0	22.0	1.9058423142370957	0.0	1469231.7690618585	0.14690442463128073	2
483	40.0	20.0	1.9053021094995004	4.2	1538926.5191104356	0.15387300894610517	2
484	40.0	21.0	1.8942279123787915	2.15	1497778.5174649765	0.14975866417358785	2
485	40.0	22.0	1.8836570878544787	0.0	1458773.6531154343	0.1458586129189845	2
486	40.0	17.0	1.9968623108157992	7.6000000000000005	1752769.9036087922	0.1752552976073026	2
487	40.0	18.0	1.9818472958007842	8.0	1656848.6874550027	0.16566424863272824	2
488	40.0	19.0	1.9676225447339277	6.15	1608856.0738631391	0.16086548763962455	2
489	40.0	20.0	1.9541272680807564	4.2	1563592.268073743	0.1563395841199256	2
490	40.0	21.0	1.9413067552602437	2.15	1520829.0925421354	0.15206372194062273	2
491	40.0	22.0	1.9291116333090241	0.0	1480363.2891207936	0.14801757676240385	2
492	40.0	18.0	1.9554274227827082	8.0	1642472.850423327	0.1642266647678325	2
493	40.0	19.0	1.941932146129537	6.15	1595341.991665805	0.15951407926785768	2
494	40.0	20.0	1.9291116333090241	4.2	1550856.7562943203	0.1550660327987088	2
495	40.0	21.0	1.9169165113578046	2.15	1508799.3474403254	0.1508607472951071	2
496	40.0	22.0	1.9053021094995004	0.0	1468975.3354452676	0.14687878126673676	2
497	40.0	19.0	1.91749723145072	6.15	1582697.3558904354	0.15824961554806855	2
498	40.0	20.0	1.9053021094995004	4.2	1538926.5191104356	0.15387300894610517	2
499	40.0	21.0	1.8936877076411962	2.15	1497518.0789669538	0.14973262032085563	2
500	40.0	22.0	1.8826135105204873	0.0	1458285.3763945366	0.1458097852414016	2
501	40.0	20.0	1.8826135105204873	4.2	1527727.514390622	0.152753108348135	2
502	40.0	21.0	1.8715393133997784	2.15	1486917.5406677723	0.1486725663716814	2
503	40.0	22.0	1.8609684888754656	0.0	1448231.1428152781	0.14480436177036562	2
504	40.0	18.0	1.932738823803695	8.0	1630324.9689572444	0.16301187648456056	2
505	40.0	19.0	1.9192435471505238	6.15	1583594.3880358168	0.1583393187726983	2
506	40.0	20.0	1.906423034330011	4.2	1539484.0615895244	0.15392876320028637	2
507	40.0	21.0	1.8942279123787915	2.15	1497778.5174649765	0.14975866417358785	2
508	40.0	22.0	1.8826135105204873	0.0	1458285.3763945366	0.1458097852414016	2
509	40.0	19.0	1.8953488372093024	6.15	1571407.9249829988	0.1571206723303188	2
510	40.0	20.0	1.8831537152580828	4.2	1527992.2625879678	0.15277958317084797	2
511	40.0	21.0	1.8715393133997784	2.15	1486917.5406677723	0.1486725663716814	2
512	40.0	22.0	1.8604651162790697	0.0	1447998.9729491887	0.14478114478114476	2
513	40.0	20.0	1.8609684888754656	4.2	1517194.50778378	0.15169980756895446	2
514	40.0	21.0	1.8498942917547567	2.15	1476701.9452143065	0.14765100671140938	2
515	40.0	22.0	1.839323467230444	0.0	1438314.6165282347	0.14381270903010032	2
516	40.0	15.0	2.063112326270221	6.8	2003162.761901663	0.2002920640715557	2
517	40.0	16.0	2.045287014327262	7.199999999999999	1880464.0965329823	0.18802352656566573	2
518	40.0	17.0	2.0284802916381866	7.6000000000000005	1771417.6615102163	0.17712007360834228	2
519	40.0	18.0	2.0126072757651707	8.0	1673906.4661465615	0.16737002669378417	2
520	40.0	19.0	1.9975922607501555	6.15	1624913.494632389	0.1624712298971955	2
521	40.0	20.0	1.983367509683299	4.2	1578746.274112259	0.1578549848942598	2
522	40.0	21.0	1.9698722330301277	2.15	1535164.3705042591	0.153497249898107	2
523	40.0	22.0	1.957051720209615	0.0	1493954.1329736628	0.14937666130058777	2
524	40.0	17.0	1.999111999111999	7.6000000000000005	1754083.747201647	0.17538668198144702	2
525	40.0	18.0	1.984096984096984	8.0	1658084.4462886078	0.16578782452999105	2
526	40.0	19.0	1.9698722330301277	6.15	1610050.4035809708	0.16098492062484393	2
527	40.0	20.0	1.9563769563769562	4.2	1564747.8490639585	0.15645514223194745	2
528	40.0	21.0	1.9435564435564434	2.15	1521948.3539671316	0.15217564809571404	2
529	40.0	22.0	1.931361321605224	0.0	1481448.4392720873	0.14812609178974115	2
530	40.0	18.0	1.957051720209615	8.0	1643349.476952847	0.16431432743064656	2
531	40.0	19.0	1.9435564435564434	6.15	1596189.703310325	0.15959885044184643	2
532	40.0	20.0	1.9307359307359306	4.2	1551677.3873122311	0.155148095909732	2
533	40.0	21.0	1.9185408087847111	2.15	1509594.5638650116	0.15094026894652188	2
534	40.0	22.0	1.9069264069264067	0.0	1469746.6549514486	0.1469559132260322	2
535	40.0	19.0	1.9185408087847111	6.15	1583233.2893007842	0.1583032088951327	2
536	40.0	20.0	1.9063456868334916	4.2	1539445.576348669	0.15392491467576788	2
537	40.0	21.0	1.8947312849751872	2.15	1498021.280349787	0.14978294046479998	2
538	40.0	22.0	1.8836570878544785	0.0	1458773.6531154343	0.1458586129189845	2
539	40.0	20.0	1.883116883116883	4.2	1527974.2086592966	0.15277777777777776	2
540	40.0	21.0	1.872042685996174	2.15	1487156.794851303	0.1486964917927261	2
541	40.0	22.0	1.8614718614718613	0.0	1448463.38715446	0.14482758620689654	2
542	40.0	17.0	1.9752172891707775	7.6000000000000005	1740228.8233271653	0.17400118943730625	2
543	40.0	18.0	1.9602022741557625	8.0	1645052.4886040986	0.1644846286149306	2
544	40.0	19.0	1.945977523088906	6.15	1597454.9247343992	0.1597253725984876	2
545	40.0	20.0	1.9324822464357347	4.2	1552560.6341162198	0.1552364206000674	2
546	40.0	21.0	1.919661733615222	2.15	1510143.8304121252	0.15099519560741248	2
547	40.0	22.0	1.9074666116640024	0.0	1470003.3579895168	0.14698158353272694	2
548	40.0	18.0	1.9337824011376865	8.0	1630879.774592682	0.16306735705434589	2
549	40.0	19.0	1.9202871244845152	6.15	1584130.9293052158	0.1583929729056743	2
550	40.0	20.0	1.9074666116640024	4.2	1540003.4951091732	0.1539807065580949	2
551	40.0	21.0	1.895271489712783	2.15	1498281.8939418588	0.14980900182693904	2
552	40.0	22.0	1.8836570878544787	0.0	1458773.6531154343	0.1458586129189845	2
553	40.0	19.0	1.8958522098056982	6.15	1571662.7138565525	0.15714615122054054	2
554	40.0	20.0	1.8836570878544787	4.2	1528239.042383944	0.15280426115322185	2
555	40.0	21.0	1.8720426859961745	2.15	1487156.7948513033	0.14869649179272612	2
556	40.0	22.0	1.8609684888754656	0.0	1448231.1428152781	0.14480436177036562	2
557	40.0	20.0	1.8609684888754656	4.2	1517194.50778378	0.15169980756895446	2
558	40.0	21.0	1.8498942917547567	2.15	1476701.9452143065	0.14765100671140938	2
559	40.0	22.0	1.839323467230444	0.0	1438314.6165282347	0.14381270903010032	2
560	40.0	18.0	1.9115971747550695	8.0	1619165.9988011804	0.1618959793434157	2
561	40.0	19.0	1.898101898101898	6.15	1572802.434781638	0.15726012332587094	2
562	40.0	20.0	1.8852813852813852	4.2	1529035.9026175337	0.15288394718554552	2
563	40.0	21.0	1.8730862633301657	2.15	1487653.0550109672	0.14874611781427544	2
564	40.0	22.0	1.8614718614718613	0.0	1448463.38715446	0.14482758620689654	2
565	40.0	19.0	1.8742071881606766	6.15	1560780.8938937704	0.15605796910184183	2
566	40.0	20.0	1.862012066209457	4.2	1517699.0045067763	0.15175025724692967	2
567	40.0	21.0	1.8503976643511528	2.15	1476937.9225039035	0.14767460444302383	2
568	40.0	22.0	1.839323467230444	0.0	1438314.6165282347	0.14381270903010032	2
569	40.0	20.0	1.8398268398268396	4.2	1507045.7483044642	0.1506849315068493	2
570	40.0	21.0	1.828752642706131	2.15	1466858.5458742618	0.14666666666666664	2
571	40.0	22.0	1.8181818181818181	0.0	1428758.9558736717	0.14285714285714285	2
572	30.0	15.0	1.6085668717247663	1.55	0.5453881048387097	0.027581092906305033	1
573	30.0	16.0	1.5907415597818075	0.0	0.515625	0.026698838051453223	1
574	30.0	17.0	1.5739348370927317	0.0	0.4852941176470589	0.02511029018433093	1
575	30.0	18.0	1.558061821219716	0.0	0.45833333333333337	0.0236992159657876	1
576	30.0	19.0	1.543046806204701	0.0	0.4342105263157895	0.022437517145786106	1
577	30.0	20.0	1.5288220551378444	0.0	0.4125000000000001	0.021302722904431394	1
578	30.0	21.0	1.5153267784846731	0.0	0.3928571428571429	0.020276649016951934	1
579	30.0	22.0	1.5025062656641603	0.0	0.375	0.01934442284290292	1
580	30.0	17.0	1.5445665445665444	0.0	0.4852941176470589	0.025078849863735184	1
581	30.0	18.0	1.5295515295515294	0.0	0.45833333333333337	0.023670427783050372	1
582	30.0	19.0	1.5153267784846731	0.0	0.4342105263157895	0.022411033123999505	1
583	30.0	20.0	1.5018315018315018	0.0	0.4125000000000001	0.021278254091971944	1
584	30.0	21.0	1.489010989010989	0.0	0.3928571428571428	0.020253953415907144	1
585	30.0	22.0	1.4768158670597695	0.0	0.375	0.019323296199043934	1
586	30.0	18.0	1.5025062656641603	0.0	0.45833333333333337	0.02364318347465913	1
587	30.0	19.0	1.489010989010989	0.0	0.43421052631578944	0.02238594851231842	1
588	30.0	20.0	1.4761904761904763	0.0	0.41250000000000003	0.02125506072874494	1
589	30.0	21.0	1.4639953542392568	0.0	0.3928571428571429	0.020232426163981344	1
590	30.0	22.0	1.4523809523809523	0.0	0.375	0.019303244783527896	1
591	30.0	19.0	1.4639953542392568	0.0	0.43421052631578955	0.022362155233874116	1
592	30.0	20.0	1.4518002322880372	0.0	0.41250000000000003	0.02123304562268804	1
593	30.0	21.0	1.4401858304297328	0.0	0.3928571428571429	0.0202119792950456	1
594	30.0	22.0	1.4291116333090241	0.0	0.375	0.01928418850720077	1
595	30.0	20.0	1.4285714285714284	0.0	0.41250000000000003	0.02121212121212121	1
596	30.0	21.0	1.4174972314507197	0.0	0.3928571428571429	0.020192533458558346	1
597	30.0	22.0	1.406926406926407	0.0	0.375	0.019266055045871557	1
598	30.0	17.0	1.520671834625323	0.0	0.4852941176470589	0.025053327334345392	1
599	30.0	18.0	1.505656819610308	0.0	0.4583333333333334	0.023646353987851334	1
600	30.0	19.0	1.4914320685434515	0.0	0.4342105263157895	0.022388253976518366	1
601	30.0	20.0	1.4779367918902802	0.0	0.41250000000000003	0.02125663873854461	1
602	30.0	21.0	1.4651162790697674	0.0	0.3928571428571429	0.020233389798607188	1
603	30.0	22.0	1.4529211571185479	0.0	0.375	0.019303687628449452	1
604	30.0	18.0	1.479236946592232	0.0	0.45833333333333337	0.023619793043876812	1
605	30.0	19.0	1.4657416699390606	0.0	0.43421052631578955	0.022363814575852042	1
606	30.0	20.0	1.4529211571185479	0.0	0.41250000000000003	0.0212340563912944	1
607	30.0	21.0	1.4407260351673283	0.0	0.3928571428571429	0.020212442747654016	1
608	30.0	22.0	1.4291116333090241	0.0	0.375	0.01928418850720077	1
609	30.0	19.0	1.4413067552602437	0.0	0.4342105263157895	0.02234061898111438	1
610	30.0	20.0	1.4291116333090241	0.0	0.41250000000000003	0.02121260735792085	1
611	30.0	21.0	1.41749723145072	0.0	0.3928571428571429	0.020192533458558346	1
612	30.0	22.0	1.406423034330011	0.0	0.375	0.019265644001621472	1
613	30.0	20.0	1.406423034330011	0.0	0.41250000000000003	0.021192208401783617	1
614	30.0	21.0	1.3953488372093024	0.0	0.3928571428571429	0.020173586676049727	1
615	30.0	22.0	1.3847780126849893	0.0	0.375	0.019247985675917637	1
616	30.0	18.0	1.457051720209615	0.0	0.45833333333333337	0.023597535404367886	1
617	30.0	19.0	1.4435564435564434	0.0	0.4342105263157895	0.022342752555689474	1
618	30.0	20.0	1.4307359307359306	0.0	0.41250000000000003	0.021214069244191388	1
619	30.0	21.0	1.4185408087847111	0.0	0.3928571428571429	0.02019342706187875	1
620	30.0	22.0	1.4069264069264067	0.0	0.375	0.019266055045871557	1
621	30.0	19.0	1.419661733615222	0.0	0.4342105263157895	0.022320111930878433	1
622	30.0	20.0	1.4074666116640024	0.0	0.41250000000000003	0.02119314580464669	1
623	30.0	21.0	1.3958522098056982	0.0	0.3928571428571429	0.020174016889874604	1
624	30.0	22.0	1.3847780126849893	0.0	0.375	0.019247985675917637	1
625	30.0	20.0	1.3852813852813852	0.0	0.41250000000000003	0.021173235563703024	1
626	30.0	21.0	1.3742071881606766	0.0	0.3928571428571429	0.020155534249493977	1
627	30.0	22.0	1.3636363636363635	0.0	0.375	0.01923076923076923	1
628	30.0	15.0	1.6085668717247663	6.8	3172984.8681060523	0.17344741053962734	2
629	30.0	16.0	1.5907415597818075	7.199999999999999	3026470.8168571806	0.16295495495495496	2
630	30.0	17.0	1.5739348370927317	7.6000000000000005	2893954.711078276	0.15362106803218725	2
631	30.0	18.0	1.558061821219716	8.0	2773439.29736821	0.14526699029126214	2
632	30.0	19.0	1.543046806204701	6.15	2738278.768289581	0.14110832594560882	2
633	30.0	20.0	1.5288220551378444	4.2	2705100.4887778233	0.13718411552346568	2
634	30.0	21.0	1.5153267784846731	2.15	2673739.620369047	0.1334748624915565	2
635	30.0	22.0	1.5025062656641603	0.0	2644049.2745968318	0.1299631933813231	2
636	30.0	17.0	1.5445665445665444	7.6000000000000005	2882992.7053315504	0.15231541751906266	2
637	30.0	18.0	1.5295515295515294	8.0	2763349.460777352	0.14407359863072314	2
638	30.0	19.0	1.5153267784846731	6.15	2728788.3495288645	0.13998583139358364	2
639	30.0	20.0	1.5018315018315018	4.2	2696151.4575255117	0.13612565445026178	2
640	30.0	21.0	1.489010989010989	2.15	2665281.2334145666	0.1324744331622812	2
641	30.0	22.0	1.4768158670597695	0.0	2636036.978149591	0.1290155261246931	2
642	30.0	18.0	1.5025062656641603	8.0	2753930.1350316103	0.1429595127194554	2
643	30.0	19.0	1.489010989010989	6.15	2719917.3583327015	0.13893660063361196	2
644	30.0	20.0	1.4761904761904763	4.2	2687776.857333315	0.13513513513513514	2
645	30.0	21.0	1.4639953542392568	2.15	2657357.4626181456	0.13153723641946782	2
646	30.0	22.0	1.4523809523809523	0.0	2628523.916358078	0.12812690665039658	2
647	30.0	19.0	1.4639953542392568	6.15	2711607.062131577	0.13795368697651503	2
648	30.0	20.0	1.4518002322880372	4.2	2679923.0997062624	0.1342062193126023	2
649	30.0	21.0	1.4401858304297328	2.15	2649919.1705111954	0.13065746044994117	2
650	30.0	22.0	1.4291116333090241	0.0	2621464.8237975817	0.12729198111747939	2
651	30.0	20.0	1.4285714285714284	4.2	2672543.060793223	0.13333333333333333	2
652	30.0	21.0	1.4174972314507197	2.15	2642923.062737534	0.12982998454404945	2
653	30.0	22.0	1.406926406926407	0.0	2614819.748109109	0.12650602409638553	2
654	30.0	17.0	1.520671834625323	7.6000000000000005	2874210.303233675	0.15126937283796194	2
655	30.0	18.0	1.505656819610308	8.0	2755019.9068145007	0.14308840723086608	2
656	30.0	19.0	1.4914320685434515	6.15	2720727.940358919	0.13903247352724704	2
657	30.0	20.0	1.4779367918902802	4.2	2688343.350958507	0.1352021380803231	2
658	30.0	21.0	1.4651162790697674	2.15	2657710.118559111	0.13157894736842105	2
659	30.0	22.0	1.4529211571185479	0.0	2628688.8954929793	0.1281464198230809	2
660	30.0	18.0	1.479236946592232	8.0	2745941.711728646	0.14201466909738414	2
661	30.0	19.0	1.4657416699390606	6.15	2712183.3757925164	0.13802185140223452	2
662	30.0	20.0	1.4529211571185479	4.2	2680281.6742248326	0.13424863029084663	2
663	30.0	21.0	1.4407260351673283	2.15	2650086.8316136445	0.1306772908366534	2
664	30.0	22.0	1.4291116333090241	0.0	2621464.8237975817	0.12729198111747939	2
665	30.0	19.0	1.4413067552602437	6.15	2704170.8534101415	0.13707415742276297	2
666	30.0	20.0	1.4291116333090241	4.2	2672713.599115369	0.13335350402783555	2
667	30.0	21.0	1.41749723145072	2.15	2642923.062737534	0.12982998454404945	2
668	30.0	22.0	1.406423034330011	0.0	2614669.926326946	0.12648830368398936	2
669	30.0	20.0	1.406423034330011	4.2	2665595.135098512	0.13251155624036978	2
670	30.0	21.0	1.3953488372093024	2.15	2636178.479136995	0.12903225806451613	2
671	30.0	22.0	1.3847780126849893	0.0	2608267.0582001917	0.12573099415204678	2
672	30.0	18.0	1.457051720209615	8.0	2738423.173843162	0.14112540192926046	2
673	30.0	19.0	1.4435564435564434	6.15	2704903.9532886334	0.13716086599068236	2
674	30.0	20.0	1.4307359307359306	4.2	2673226.687805937	0.13341419041843539	2
675	30.0	21.0	1.4185408087847111	2.15	2643242.9086245187	0.12986781483106627	2
676	30.0	22.0	1.4069264069264067	0.0	2614819.748109109	0.12650602409638553	2
677	30.0	19.0	1.419661733615222	6.15	2697164.5218868656	0.13624547228643233	2
678	30.0	20.0	1.4074666116640024	4.2	2665920.580930062	0.13255004886984217	2
679	30.0	21.0	1.3958522098056982	2.15	2636330.8445556248	0.12905027932960894	2
680	30.0	22.0	1.3847780126849893	0.0	2608267.0582001917	0.12573099415204678	2
681	30.0	20.0	1.3852813852813852	4.2	2659042.450685836	0.1317365269461078	2
682	30.0	21.0	1.3742071881606766	2.15	2629817.3339627255	0.1282798833819242	2
683	30.0	22.0	1.3636363636363635	0.0	2602086.680217917	0.12499999999999999	2
684	30.0	15.0	1.6085668717247663	-4.05	96962.42201346776	0.030368889636175303	3
685	30.0	16.0	1.5907415597818075	-4.35	97173.91422996378	0.0282538354904496	3
686	30.0	17.0	1.5739348370927317	-4.65	97358.00475080658	0.02641282114084852	3
687	30.0	18.0	1.558061821219716	-4.95	97519.68482489152	0.02479593073297144	3
688	30.0	19.0	1.543046806204701	-3.5999999999999996	97727.6742286053	0.02271564864001536	3
689	30.0	20.0	1.5288220551378444	-3.8000000000000003	97848.47430506893	0.02150757886112249	3
690	30.0	21.0	1.5153267784846731	-4.0	97957.1325069684	0.0204209382529409	3
691	30.0	22.0	1.5025062656641603	-4.2	98055.38791709142	0.01943833444165942	3
692	30.0	17.0	1.5445665445665444	-4.65	97361.17659666543	0.026381102240461005	3
693	30.0	18.0	1.5295515295515294	-4.95	97522.57373621136	0.02476704122494976	3
694	30.0	19.0	1.5153267784846731	-3.5999999999999996	97730.24591935366	0.022689931392156557	3
695	30.0	20.0	1.5018315018315018	-3.8000000000000003	97850.84384495928	0.02148388315285822	3
696	30.0	21.0	1.489010989010989	-4.0	97959.3249365849	0.02039901367406411	3
697	30.0	22.0	1.4768158670597695	-4.2	98057.42424398204	0.01941797091311824	3
698	30.0	18.0	1.5025062656641603	-4.95	97525.3079833084	0.024739698380293808	3
699	30.0	19.0	1.489010989010989	-3.5999999999999996	97732.68195143128	0.022665570748960126	3
700	30.0	20.0	1.4761904761904763	-3.8000000000000003	97853.0900767544	0.021461420541645373	3
701	30.0	21.0	1.4639953542392568	-4.0	97961.40468715159	0.02037821590021538	3
702	30.0	22.0	1.4523809523809523	-4.2	98059.35710114428	0.019398642095053344	3
703	30.0	19.0	1.4639953542392568	-3.5999999999999996	97734.99278460728	0.02264246211135042	3
704	30.0	20.0	1.4518002322880372	-3.8000000000000003	97855.22238157729	0.021440097215028486	3
705	30.0	21.0	1.4401858304297328	-4.0	97963.38022881023	0.020358460228884896	3
706	30.0	22.0	1.4291116333090241	-4.2	98061.19418342829	0.01938027103798225	3
707	30.0	20.0	1.4285714285714284	-3.8000000000000003	97857.2492124813	0.021419828641370868	3
708	30.0	21.0	1.4174972314507197	-4.0	97965.2592034133	0.020339670240562213	3
709	30.0	22.0	1.406926406926407	-4.2	98062.9424407853	0.019362788241506775	3
710	30.0	17.0	1.520671834625323	-4.65	97363.75166736006	0.02635535117483915	3
711	30.0	18.0	1.505656819610308	-4.95	97524.98977641242	0.02474288049274257	3
712	30.0	19.0	1.4914320685434515	-3.5999999999999996	97732.458052494	0.022667809767967086	3
713	30.0	20.0	1.4779367918902802	-3.8000000000000003	97852.93724325905	0.021462948896552297	3
714	30.0	21.0	1.4651162790697674	-4.0	97961.31158643053	0.020379146919431282	3
715	30.0	22.0	1.4529211571185479	-4.2	98059.31441132029	0.019399068998736255	3
716	30.0	18.0	1.479236946592232	-4.95	97527.65565930255	0.024716221299499033	3
717	30.0	19.0	1.4657416699390606	-3.5999999999999996	97734.8316207229	0.02264407377152516	3
718	30.0	20.0	1.4529211571185479	-3.8000000000000003	97855.12447818222	0.021441076261761123	3
719	30.0	21.0	1.4407260351673283	-4.0	97963.33544900578	0.020358908032703592	3
720	30.0	22.0	1.4291116333090241	-4.2	98061.19418342829	0.01938027103798225	3
721	30.0	19.0	1.4413067552602437	-3.5999999999999996	97737.08458541408	0.022621543826422865	3
722	30.0	20.0	1.4291116333090241	-3.8000000000000003	97857.20212040358	0.021420299568296174	3
723	30.0	21.0	1.41749723145072	-4.0	97965.2592034133	0.020339670240562213	3
724	30.0	22.0	1.406423034330011	-4.2	98062.9820713471	0.019362391930835735	3
725	30.0	20.0	1.406423034330011	-3.8000000000000003	97859.17820644686	0.021400538449871075	3
726	30.0	21.0	1.3953488372093024	-4.0	97967.0900980002	0.020321361058601134	3
727	30.0	22.0	1.3847780126849893	-4.2	98064.6846521694	0.01934536590553081	3
728	30.0	18.0	1.457051720209615	-4.95	97529.88981415912	0.02469387944559456	3
729	30.0	19.0	1.4435564435564434	-3.5999999999999996	97736.87734551508	0.022623616252842076	3
730	30.0	20.0	1.4307359307359306	-3.8000000000000003	97857.0605106137	0.021421715684683474	3
731	30.0	21.0	1.4185408087847111	-4.0	97965.17285481626	0.020340533737667036	3
732	30.0	22.0	1.4069264069264067	-4.2	98062.9424407853	0.019362788241506775	3
733	30.0	19.0	1.419661733615222	-3.5999999999999996	97739.07657315601	0.022601623685354816	3
734	30.0	20.0	1.4074666116640024	-3.8000000000000003	97859.08739504108	0.0214014465757851	3
735	30.0	21.0	1.3958522098056982	-4.0	97967.04852336626	0.02032177681030144	3
736	30.0	22.0	1.3847780126849893	-4.2	98064.6846521694	0.01934536590553081	3
737	30.0	20.0	1.3852813852813852	-3.8000000000000003	97861.01628054207	0.02138215746894496	3
738	30.0	21.0	1.3742071881606766	-4.0	97968.83469784739	0.020303914835164832	3
739	30.0	22.0	1.3636363636363635	-4.2	98066.3447499341	0.01932876471621859	3
740	20.0	18.0	1.0025062656641603	0.0	0.6111111111111112	0.023150565709312447	1
741	20.0	19.0	0.9890109890109889	0.0	0.5789473684210527	0.02191978802842346	1
742	20.0	20.0	0.9761904761904762	0.0	0.55	0.02081268582755203	1
743	20.0	21.0	0.9639953542392566	0.0	0.5238095238095238	0.019811548683256824	1
744	20.0	22.0	0.9523809523809523	0.0	0.5	0.018901890189018902	1
745	20.0	19.0	0.9651162790697674	0.0	0.5789473684210527	0.021897996078730934	1
746	20.0	20.0	0.9529211571185479	0.0	0.55	0.020792546290836184	1
747	20.0	21.0	0.9413067552602437	0.0	0.5238095238095238	0.019792865362485614	1
748	20.0	22.0	0.9302325581395349	0.0	0.5	0.018884497145366712	1
749	20.0	20.0	0.9307359307359306	0.0	0.5500000000000002	0.02077338129496403	1
750	20.0	21.0	0.919661733615222	0.0	0.5238095238095238	0.01977507420878799	1
751	20.0	22.0	0.9090909090909091	0.0	0.5	0.018867924528301886	1
752	20.0	18.0	1.0025062656641603	8.0	3564119.7378604254	0.1250783699059561	2
753	20.0	19.0	0.9890109890109889	6.15	3538658.826603296	0.12161710658202472	2
754	20.0	20.0	0.9761904761904762	4.2	3514576.065896481	0.11834319526627218	2
755	20.0	21.0	0.9639953542392566	2.15	3491762.0295152767	0.11524176008030783	2
756	20.0	22.0	0.9523809523809523	0.0	3470118.620096653	0.11229946524064172	2
757	20.0	19.0	0.9651162790697674	6.15	3533360.9216987668	0.12089688620229141	2
758	20.0	20.0	0.9529211571185479	4.2	3509570.835734281	0.11766276237194245	2
759	20.0	21.0	0.9413067552602437	2.15	3487023.2109050155	0.1145975443383356	2
760	20.0	22.0	0.9302325581395349	0.0	3465623.0052912114	0.11168831168831168	2
761	20.0	20.0	0.9307359307359306	4.2	3504852.098615009	0.11702127659574467	2
762	20.0	21.0	0.919661733615222	2.15	3482551.477335225	0.11398963730569947	2
763	20.0	22.0	0.9090909090909091	0.0	3461377.1468638503	0.1111111111111111	2
764	20.0	18.0	1.0025062656641603	-4.95	94611.83940354914	0.024244854804309386	3
765	20.0	19.0	0.9890109890109889	-3.5999999999999996	95195.66391758095	0.0222124585041984	3
766	20.0	20.0	0.9761904761904762	-3.8000000000000003	95468.80600186186	0.021032600530822773	3
767	20.0	21.0	0.9639953542392566	-4.0	95776.14028781002	0.019971237706439042	3
768	20.0	22.0	0.9523809523809523	-4.2	95988.44157056643	0.019011406844106463	3
769	20.0	19.0	0.9651162790697674	-3.5999999999999996	95197.72797756376	0.02219125767662693	3
770	20.0	20.0	0.9529211571185479	-3.8000000000000003	95470.71150563553	0.021013060755516674	3
771	20.0	21.0	0.9413067552602437	-4.0	95777.90742340102	0.019953155382711685	3
772	20.0	22.0	0.9302325581395349	-4.2	95990.08502786115	0.018994610831345526	3
773	20.0	20.0	0.9307359307359306	-3.8000000000000003	95472.52494001004	0.020994465095565715	3
774	20.0	21.0	0.919661733615222	-4.0	95779.59029837891	0.01993593526089522	3
775	20.0	22.0	0.9090909090909091	-4.2	95991.65107593546	0.018978605935127672	3
776	10.0	20.0	0.47619047619047616	0.0	0.6875	0.020388349514563104	1
777	10.0	21.0	0.46511627906976744	0.0	0.6547619047619048	0.019408711351839313	1
778	10.0	22.0	0.45454545454545453	0.0	0.625	0.018518518518518517	1
779	10.0	20.0	0.47619047619047616	4.2	4157474.6461375435	0.10526315789473684	2
780	10.0	21.0	0.46511627906976744	2.15	4139850.1026131078	0.10256410256410256	2
781	10.0	22.0	0.45454545454545453	0.0	4123106.7830869877	0.09999999999999999	2
782	10.0	20.0	0.47619047619047616	-3.8000000000000003	92661.10499011513	0.02062058130400628	3
783	10.0	21.0	0.46511627906976744	-4.0	93331.84358346475	0.019581056466302368	3
784	10.0	22.0	0.45454545454545453	-4.2	93689.38757158228	0.018640908320623623	3
785	0.0	22.0	0.0	0.0	0.75	0.01818181818181818	1
786	0.0	22.0	0.0	0.0	4657369.836897261	0.09090909090909091	2
787	0.0	22.0	0.0	-4.2	90964.22432408738	0.018315018315018312	3
